path,emotion,actor
../dataset\Actor_01\03-01-01-01-01-01-01.wav,neutral,Actor_01
../dataset\Actor_01\03-01-01-01-01-02-01.wav,neutral,Actor_01
../dataset\Actor_01\03-01-01-01-02-01-01.wav,neutral,Actor_01
../dataset\Actor_01\03-01-01-01-02-02-01.wav,neutral,Actor_01
../dataset\Actor_01\03-01-02-01-01-01-01.wav,calm,Actor_01
../dataset\Actor_01\03-01-02-01-01-02-01.wav,calm,Actor_01
../dataset\Actor_01\03-01-02-01-02-01-01.wav,calm,Actor_01
../dataset\Actor_01\03-01-02-01-02-02-01.wav,calm,Actor_01
../dataset\Actor_01\03-01-02-02-01-01-01.wav,calm,Actor_01
../dataset\Actor_01\03-01-02-02-01-02-01.wav,calm,Actor_01
../dataset\Actor_01\03-01-02-02-02-01-01.wav,calm,Actor_01
../dataset\Actor_01\03-01-02-02-02-02-01.wav,calm,Actor_01
../dataset\Actor_01\03-01-03-01-01-01-01.wav,happy,Actor_01
../dataset\Actor_01\03-01-03-01-01-02-01.wav,happy,Actor_01
../dataset\Actor_01\03-01-03-01-02-01-01.wav,happy,Actor_01
../dataset\Actor_01\03-01-03-01-02-02-01.wav,happy,Actor_01
../dataset\Actor_01\03-01-03-02-01-01-01.wav,happy,Actor_01
../dataset\Actor_01\03-01-03-02-01-02-01.wav,happy,Actor_01
../dataset\Actor_01\03-01-03-02-02-01-01.wav,happy,Actor_01
../dataset\Actor_01\03-01-03-02-02-02-01.wav,happy,Actor_01
../dataset\Actor_01\03-01-04-01-01-01-01.wav,sad,Actor_01
../dataset\Actor_01\03-01-04-01-01-02-01.wav,sad,Actor_01
../dataset\Actor_01\03-01-04-01-02-01-01.wav,sad,Actor_01
../dataset\Actor_01\03-01-04-01-02-02-01.wav,sad,Actor_01
../dataset\Actor_01\03-01-04-02-01-01-01.wav,sad,Actor_01
../dataset\Actor_01\03-01-04-02-01-02-01.wav,sad,Actor_01
../dataset\Actor_01\03-01-04-02-02-01-01.wav,sad,Actor_01
../dataset\Actor_01\03-01-04-02-02-02-01.wav,sad,Actor_01
../dataset\Actor_01\03-01-05-01-01-01-01.wav,angry,Actor_01
../dataset\Actor_01\03-01-05-01-01-02-01.wav,angry,Actor_01
../dataset\Actor_01\03-01-05-01-02-01-01.wav,angry,Actor_01
../dataset\Actor_01\03-01-05-01-02-02-01.wav,angry,Actor_01
../dataset\Actor_01\03-01-05-02-01-01-01.wav,angry,Actor_01
../dataset\Actor_01\03-01-05-02-01-02-01.wav,angry,Actor_01
../dataset\Actor_01\03-01-05-02-02-01-01.wav,angry,Actor_01
../dataset\Actor_01\03-01-05-02-02-02-01.wav,angry,Actor_01
../dataset\Actor_01\03-01-06-01-01-01-01.wav,fearful,Actor_01
../dataset\Actor_01\03-01-06-01-01-02-01.wav,fearful,Actor_01
../dataset\Actor_01\03-01-06-01-02-01-01.wav,fearful,Actor_01
../dataset\Actor_01\03-01-06-01-02-02-01.wav,fearful,Actor_01
../dataset\Actor_01\03-01-06-02-01-01-01.wav,fearful,Actor_01
../dataset\Actor_01\03-01-06-02-01-02-01.wav,fearful,Actor_01
../dataset\Actor_01\03-01-06-02-02-01-01.wav,fearful,Actor_01
../dataset\Actor_01\03-01-06-02-02-02-01.wav,fearful,Actor_01
../dataset\Actor_01\03-01-07-01-01-01-01.wav,disgust,Actor_01
../dataset\Actor_01\03-01-07-01-01-02-01.wav,disgust,Actor_01
../dataset\Actor_01\03-01-07-01-02-01-01.wav,disgust,Actor_01
../dataset\Actor_01\03-01-07-01-02-02-01.wav,disgust,Actor_01
../dataset\Actor_01\03-01-07-02-01-01-01.wav,disgust,Actor_01
../dataset\Actor_01\03-01-07-02-01-02-01.wav,disgust,Actor_01
../dataset\Actor_01\03-01-07-02-02-01-01.wav,disgust,Actor_01
../dataset\Actor_01\03-01-07-02-02-02-01.wav,disgust,Actor_01
../dataset\Actor_01\03-01-08-01-01-01-01.wav,surprised,Actor_01
../dataset\Actor_01\03-01-08-01-01-02-01.wav,surprised,Actor_01
../dataset\Actor_01\03-01-08-01-02-01-01.wav,surprised,Actor_01
../dataset\Actor_01\03-01-08-01-02-02-01.wav,surprised,Actor_01
../dataset\Actor_01\03-01-08-02-01-01-01.wav,surprised,Actor_01
../dataset\Actor_01\03-01-08-02-01-02-01.wav,surprised,Actor_01
../dataset\Actor_01\03-01-08-02-02-01-01.wav,surprised,Actor_01
../dataset\Actor_01\03-01-08-02-02-02-01.wav,surprised,Actor_01
../dataset\Actor_02\03-01-01-01-01-01-02.wav,neutral,Actor_02
../dataset\Actor_02\03-01-01-01-01-02-02.wav,neutral,Actor_02
../dataset\Actor_02\03-01-01-01-02-01-02.wav,neutral,Actor_02
../dataset\Actor_02\03-01-01-01-02-02-02.wav,neutral,Actor_02
../dataset\Actor_02\03-01-02-01-01-01-02.wav,calm,Actor_02
../dataset\Actor_02\03-01-02-01-01-02-02.wav,calm,Actor_02
../dataset\Actor_02\03-01-02-01-02-01-02.wav,calm,Actor_02
../dataset\Actor_02\03-01-02-01-02-02-02.wav,calm,Actor_02
../dataset\Actor_02\03-01-02-02-01-01-02.wav,calm,Actor_02
../dataset\Actor_02\03-01-02-02-01-02-02.wav,calm,Actor_02
../dataset\Actor_02\03-01-02-02-02-01-02.wav,calm,Actor_02
../dataset\Actor_02\03-01-02-02-02-02-02.wav,calm,Actor_02
../dataset\Actor_02\03-01-03-01-01-01-02.wav,happy,Actor_02
../dataset\Actor_02\03-01-03-01-01-02-02.wav,happy,Actor_02
../dataset\Actor_02\03-01-03-01-02-01-02.wav,happy,Actor_02
../dataset\Actor_02\03-01-03-01-02-02-02.wav,happy,Actor_02
../dataset\Actor_02\03-01-03-02-01-01-02.wav,happy,Actor_02
../dataset\Actor_02\03-01-03-02-01-02-02.wav,happy,Actor_02
../dataset\Actor_02\03-01-03-02-02-01-02.wav,happy,Actor_02
../dataset\Actor_02\03-01-03-02-02-02-02.wav,happy,Actor_02
../dataset\Actor_02\03-01-04-01-01-01-02.wav,sad,Actor_02
../dataset\Actor_02\03-01-04-01-01-02-02.wav,sad,Actor_02
../dataset\Actor_02\03-01-04-01-02-01-02.wav,sad,Actor_02
../dataset\Actor_02\03-01-04-01-02-02-02.wav,sad,Actor_02
../dataset\Actor_02\03-01-04-02-01-01-02.wav,sad,Actor_02
../dataset\Actor_02\03-01-04-02-01-02-02.wav,sad,Actor_02
../dataset\Actor_02\03-01-04-02-02-01-02.wav,sad,Actor_02
../dataset\Actor_02\03-01-04-02-02-02-02.wav,sad,Actor_02
../dataset\Actor_02\03-01-05-01-01-01-02.wav,angry,Actor_02
../dataset\Actor_02\03-01-05-01-01-02-02.wav,angry,Actor_02
../dataset\Actor_02\03-01-05-01-02-01-02.wav,angry,Actor_02
../dataset\Actor_02\03-01-05-01-02-02-02.wav,angry,Actor_02
../dataset\Actor_02\03-01-05-02-01-01-02.wav,angry,Actor_02
../dataset\Actor_02\03-01-05-02-01-02-02.wav,angry,Actor_02
../dataset\Actor_02\03-01-05-02-02-01-02.wav,angry,Actor_02
../dataset\Actor_02\03-01-05-02-02-02-02.wav,angry,Actor_02
../dataset\Actor_02\03-01-06-01-01-01-02.wav,fearful,Actor_02
../dataset\Actor_02\03-01-06-01-01-02-02.wav,fearful,Actor_02
../dataset\Actor_02\03-01-06-01-02-01-02.wav,fearful,Actor_02
../dataset\Actor_02\03-01-06-01-02-02-02.wav,fearful,Actor_02
../dataset\Actor_02\03-01-06-02-01-01-02.wav,fearful,Actor_02
../dataset\Actor_02\03-01-06-02-01-02-02.wav,fearful,Actor_02
../dataset\Actor_02\03-01-06-02-02-01-02.wav,fearful,Actor_02
../dataset\Actor_02\03-01-06-02-02-02-02.wav,fearful,Actor_02
../dataset\Actor_02\03-01-07-01-01-01-02.wav,disgust,Actor_02
../dataset\Actor_02\03-01-07-01-01-02-02.wav,disgust,Actor_02
../dataset\Actor_02\03-01-07-01-02-01-02.wav,disgust,Actor_02
../dataset\Actor_02\03-01-07-01-02-02-02.wav,disgust,Actor_02
../dataset\Actor_02\03-01-07-02-01-01-02.wav,disgust,Actor_02
../dataset\Actor_02\03-01-07-02-01-02-02.wav,disgust,Actor_02
../dataset\Actor_02\03-01-07-02-02-01-02.wav,disgust,Actor_02
../dataset\Actor_02\03-01-07-02-02-02-02.wav,disgust,Actor_02
../dataset\Actor_02\03-01-08-01-01-01-02.wav,surprised,Actor_02
../dataset\Actor_02\03-01-08-01-01-02-02.wav,surprised,Actor_02
../dataset\Actor_02\03-01-08-01-02-01-02.wav,surprised,Actor_02
../dataset\Actor_02\03-01-08-01-02-02-02.wav,surprised,Actor_02
../dataset\Actor_02\03-01-08-02-01-01-02.wav,surprised,Actor_02
../dataset\Actor_02\03-01-08-02-01-02-02.wav,surprised,Actor_02
../dataset\Actor_02\03-01-08-02-02-01-02.wav,surprised,Actor_02
../dataset\Actor_02\03-01-08-02-02-02-02.wav,surprised,Actor_02
../dataset\Actor_03\03-01-01-01-01-01-03.wav,neutral,Actor_03
../dataset\Actor_03\03-01-01-01-01-02-03.wav,neutral,Actor_03
../dataset\Actor_03\03-01-01-01-02-01-03.wav,neutral,Actor_03
../dataset\Actor_03\03-01-01-01-02-02-03.wav,neutral,Actor_03
../dataset\Actor_03\03-01-02-01-01-01-03.wav,calm,Actor_03
../dataset\Actor_03\03-01-02-01-01-02-03.wav,calm,Actor_03
../dataset\Actor_03\03-01-02-01-02-01-03.wav,calm,Actor_03
../dataset\Actor_03\03-01-02-01-02-02-03.wav,calm,Actor_03
../dataset\Actor_03\03-01-02-02-01-01-03.wav,calm,Actor_03
../dataset\Actor_03\03-01-02-02-01-02-03.wav,calm,Actor_03
../dataset\Actor_03\03-01-02-02-02-01-03.wav,calm,Actor_03
../dataset\Actor_03\03-01-02-02-02-02-03.wav,calm,Actor_03
../dataset\Actor_03\03-01-03-01-01-01-03.wav,happy,Actor_03
../dataset\Actor_03\03-01-03-01-01-02-03.wav,happy,Actor_03
../dataset\Actor_03\03-01-03-01-02-01-03.wav,happy,Actor_03
../dataset\Actor_03\03-01-03-01-02-02-03.wav,happy,Actor_03
../dataset\Actor_03\03-01-03-02-01-01-03.wav,happy,Actor_03
../dataset\Actor_03\03-01-03-02-01-02-03.wav,happy,Actor_03
../dataset\Actor_03\03-01-03-02-02-01-03.wav,happy,Actor_03
../dataset\Actor_03\03-01-03-02-02-02-03.wav,happy,Actor_03
../dataset\Actor_03\03-01-04-01-01-01-03.wav,sad,Actor_03
../dataset\Actor_03\03-01-04-01-01-02-03.wav,sad,Actor_03
../dataset\Actor_03\03-01-04-01-02-01-03.wav,sad,Actor_03
../dataset\Actor_03\03-01-04-01-02-02-03.wav,sad,Actor_03
../dataset\Actor_03\03-01-04-02-01-01-03.wav,sad,Actor_03
../dataset\Actor_03\03-01-04-02-01-02-03.wav,sad,Actor_03
../dataset\Actor_03\03-01-04-02-02-01-03.wav,sad,Actor_03
../dataset\Actor_03\03-01-04-02-02-02-03.wav,sad,Actor_03
../dataset\Actor_03\03-01-05-01-01-01-03.wav,angry,Actor_03
../dataset\Actor_03\03-01-05-01-01-02-03.wav,angry,Actor_03
../dataset\Actor_03\03-01-05-01-02-01-03.wav,angry,Actor_03
../dataset\Actor_03\03-01-05-01-02-02-03.wav,angry,Actor_03
../dataset\Actor_03\03-01-05-02-01-01-03.wav,angry,Actor_03
../dataset\Actor_03\03-01-05-02-01-02-03.wav,angry,Actor_03
../dataset\Actor_03\03-01-05-02-02-01-03.wav,angry,Actor_03
../dataset\Actor_03\03-01-05-02-02-02-03.wav,angry,Actor_03
../dataset\Actor_03\03-01-06-01-01-01-03.wav,fearful,Actor_03
../dataset\Actor_03\03-01-06-01-01-02-03.wav,fearful,Actor_03
../dataset\Actor_03\03-01-06-01-02-01-03.wav,fearful,Actor_03
../dataset\Actor_03\03-01-06-01-02-02-03.wav,fearful,Actor_03
../dataset\Actor_03\03-01-06-02-01-01-03.wav,fearful,Actor_03
../dataset\Actor_03\03-01-06-02-01-02-03.wav,fearful,Actor_03
../dataset\Actor_03\03-01-06-02-02-01-03.wav,fearful,Actor_03
../dataset\Actor_03\03-01-06-02-02-02-03.wav,fearful,Actor_03
../dataset\Actor_03\03-01-07-01-01-01-03.wav,disgust,Actor_03
../dataset\Actor_03\03-01-07-01-01-02-03.wav,disgust,Actor_03
../dataset\Actor_03\03-01-07-01-02-01-03.wav,disgust,Actor_03
../dataset\Actor_03\03-01-07-01-02-02-03.wav,disgust,Actor_03
../dataset\Actor_03\03-01-07-02-01-01-03.wav,disgust,Actor_03
../dataset\Actor_03\03-01-07-02-01-02-03.wav,disgust,Actor_03
../dataset\Actor_03\03-01-07-02-02-01-03.wav,disgust,Actor_03
../dataset\Actor_03\03-01-07-02-02-02-03.wav,disgust,Actor_03
../dataset\Actor_03\03-01-08-01-01-01-03.wav,surprised,Actor_03
../dataset\Actor_03\03-01-08-01-01-02-03.wav,surprised,Actor_03
../dataset\Actor_03\03-01-08-01-02-01-03.wav,surprised,Actor_03
../dataset\Actor_03\03-01-08-01-02-02-03.wav,surprised,Actor_03
../dataset\Actor_03\03-01-08-02-01-01-03.wav,surprised,Actor_03
../dataset\Actor_03\03-01-08-02-01-02-03.wav,surprised,Actor_03
../dataset\Actor_03\03-01-08-02-02-01-03.wav,surprised,Actor_03
../dataset\Actor_03\03-01-08-02-02-02-03.wav,surprised,Actor_03
../dataset\Actor_04\03-01-01-01-01-01-04.wav,neutral,Actor_04
../dataset\Actor_04\03-01-01-01-01-02-04.wav,neutral,Actor_04
../dataset\Actor_04\03-01-01-01-02-01-04.wav,neutral,Actor_04
../dataset\Actor_04\03-01-01-01-02-02-04.wav,neutral,Actor_04
../dataset\Actor_04\03-01-02-01-01-01-04.wav,calm,Actor_04
../dataset\Actor_04\03-01-02-01-01-02-04.wav,calm,Actor_04
../dataset\Actor_04\03-01-02-01-02-01-04.wav,calm,Actor_04
../dataset\Actor_04\03-01-02-01-02-02-04.wav,calm,Actor_04
../dataset\Actor_04\03-01-02-02-01-01-04.wav,calm,Actor_04
../dataset\Actor_04\03-01-02-02-01-02-04.wav,calm,Actor_04
../dataset\Actor_04\03-01-02-02-02-01-04.wav,calm,Actor_04
../dataset\Actor_04\03-01-02-02-02-02-04.wav,calm,Actor_04
../dataset\Actor_04\03-01-03-01-01-01-04.wav,happy,Actor_04
../dataset\Actor_04\03-01-03-01-01-02-04.wav,happy,Actor_04
../dataset\Actor_04\03-01-03-01-02-01-04.wav,happy,Actor_04
../dataset\Actor_04\03-01-03-01-02-02-04.wav,happy,Actor_04
../dataset\Actor_04\03-01-03-02-01-01-04.wav,happy,Actor_04
../dataset\Actor_04\03-01-03-02-01-02-04.wav,happy,Actor_04
../dataset\Actor_04\03-01-03-02-02-01-04.wav,happy,Actor_04
../dataset\Actor_04\03-01-03-02-02-02-04.wav,happy,Actor_04
../dataset\Actor_04\03-01-04-01-01-01-04.wav,sad,Actor_04
../dataset\Actor_04\03-01-04-01-01-02-04.wav,sad,Actor_04
../dataset\Actor_04\03-01-04-01-02-01-04.wav,sad,Actor_04
../dataset\Actor_04\03-01-04-01-02-02-04.wav,sad,Actor_04
../dataset\Actor_04\03-01-04-02-01-01-04.wav,sad,Actor_04
../dataset\Actor_04\03-01-04-02-01-02-04.wav,sad,Actor_04
../dataset\Actor_04\03-01-04-02-02-01-04.wav,sad,Actor_04
../dataset\Actor_04\03-01-04-02-02-02-04.wav,sad,Actor_04
../dataset\Actor_04\03-01-05-01-01-01-04.wav,angry,Actor_04
../dataset\Actor_04\03-01-05-01-01-02-04.wav,angry,Actor_04
../dataset\Actor_04\03-01-05-01-02-01-04.wav,angry,Actor_04
../dataset\Actor_04\03-01-05-01-02-02-04.wav,angry,Actor_04
../dataset\Actor_04\03-01-05-02-01-01-04.wav,angry,Actor_04
../dataset\Actor_04\03-01-05-02-01-02-04.wav,angry,Actor_04
../dataset\Actor_04\03-01-05-02-02-01-04.wav,angry,Actor_04
../dataset\Actor_04\03-01-05-02-02-02-04.wav,angry,Actor_04
../dataset\Actor_04\03-01-06-01-01-01-04.wav,fearful,Actor_04
../dataset\Actor_04\03-01-06-01-01-02-04.wav,fearful,Actor_04
../dataset\Actor_04\03-01-06-01-02-01-04.wav,fearful,Actor_04
../dataset\Actor_04\03-01-06-01-02-02-04.wav,fearful,Actor_04
../dataset\Actor_04\03-01-06-02-01-01-04.wav,fearful,Actor_04
../dataset\Actor_04\03-01-06-02-01-02-04.wav,fearful,Actor_04
../dataset\Actor_04\03-01-06-02-02-01-04.wav,fearful,Actor_04
../dataset\Actor_04\03-01-06-02-02-02-04.wav,fearful,Actor_04
../dataset\Actor_04\03-01-07-01-01-01-04.wav,disgust,Actor_04
../dataset\Actor_04\03-01-07-01-01-02-04.wav,disgust,Actor_04
../dataset\Actor_04\03-01-07-01-02-01-04.wav,disgust,Actor_04
../dataset\Actor_04\03-01-07-01-02-02-04.wav,disgust,Actor_04
../dataset\Actor_04\03-01-07-02-01-01-04.wav,disgust,Actor_04
../dataset\Actor_04\03-01-07-02-01-02-04.wav,disgust,Actor_04
../dataset\Actor_04\03-01-07-02-02-01-04.wav,disgust,Actor_04
../dataset\Actor_04\03-01-07-02-02-02-04.wav,disgust,Actor_04
../dataset\Actor_04\03-01-08-01-01-01-04.wav,surprised,Actor_04
../dataset\Actor_04\03-01-08-01-01-02-04.wav,surprised,Actor_04
../dataset\Actor_04\03-01-08-01-02-01-04.wav,surprised,Actor_04
../dataset\Actor_04\03-01-08-01-02-02-04.wav,surprised,Actor_04
../dataset\Actor_04\03-01-08-02-01-01-04.wav,surprised,Actor_04
../dataset\Actor_04\03-01-08-02-01-02-04.wav,surprised,Actor_04
../dataset\Actor_04\03-01-08-02-02-01-04.wav,surprised,Actor_04
../dataset\Actor_04\03-01-08-02-02-02-04.wav,surprised,Actor_04
../dataset\Actor_05\03-01-01-01-01-01-05.wav,neutral,Actor_05
../dataset\Actor_05\03-01-01-01-01-02-05.wav,neutral,Actor_05
../dataset\Actor_05\03-01-01-01-02-01-05.wav,neutral,Actor_05
../dataset\Actor_05\03-01-01-01-02-02-05.wav,neutral,Actor_05
../dataset\Actor_05\03-01-02-01-01-01-05.wav,calm,Actor_05
../dataset\Actor_05\03-01-02-01-01-02-05.wav,calm,Actor_05
../dataset\Actor_05\03-01-02-01-02-01-05.wav,calm,Actor_05
../dataset\Actor_05\03-01-02-01-02-02-05.wav,calm,Actor_05
../dataset\Actor_05\03-01-02-02-01-01-05.wav,calm,Actor_05
../dataset\Actor_05\03-01-02-02-01-02-05.wav,calm,Actor_05
../dataset\Actor_05\03-01-02-02-02-01-05.wav,calm,Actor_05
../dataset\Actor_05\03-01-02-02-02-02-05.wav,calm,Actor_05
../dataset\Actor_05\03-01-03-01-01-01-05.wav,happy,Actor_05
../dataset\Actor_05\03-01-03-01-01-02-05.wav,happy,Actor_05
../dataset\Actor_05\03-01-03-01-02-01-05.wav,happy,Actor_05
../dataset\Actor_05\03-01-03-01-02-02-05.wav,happy,Actor_05
../dataset\Actor_05\03-01-03-02-01-01-05.wav,happy,Actor_05
../dataset\Actor_05\03-01-03-02-01-02-05.wav,happy,Actor_05
../dataset\Actor_05\03-01-03-02-02-01-05.wav,happy,Actor_05
../dataset\Actor_05\03-01-03-02-02-02-05.wav,happy,Actor_05
../dataset\Actor_05\03-01-04-01-01-01-05.wav,sad,Actor_05
../dataset\Actor_05\03-01-04-01-01-02-05.wav,sad,Actor_05
../dataset\Actor_05\03-01-04-01-02-01-05.wav,sad,Actor_05
../dataset\Actor_05\03-01-04-01-02-02-05.wav,sad,Actor_05
../dataset\Actor_05\03-01-04-02-01-01-05.wav,sad,Actor_05
../dataset\Actor_05\03-01-04-02-01-02-05.wav,sad,Actor_05
../dataset\Actor_05\03-01-04-02-02-01-05.wav,sad,Actor_05
../dataset\Actor_05\03-01-04-02-02-02-05.wav,sad,Actor_05
../dataset\Actor_05\03-01-05-01-01-01-05.wav,angry,Actor_05
../dataset\Actor_05\03-01-05-01-01-02-05.wav,angry,Actor_05
../dataset\Actor_05\03-01-05-01-02-01-05.wav,angry,Actor_05
../dataset\Actor_05\03-01-05-01-02-02-05.wav,angry,Actor_05
../dataset\Actor_05\03-01-05-02-01-01-05.wav,angry,Actor_05
../dataset\Actor_05\03-01-05-02-01-02-05.wav,angry,Actor_05
../dataset\Actor_05\03-01-05-02-02-01-05.wav,angry,Actor_05
../dataset\Actor_05\03-01-05-02-02-02-05.wav,angry,Actor_05
../dataset\Actor_05\03-01-06-01-01-01-05.wav,fearful,Actor_05
../dataset\Actor_05\03-01-06-01-01-02-05.wav,fearful,Actor_05
../dataset\Actor_05\03-01-06-01-02-01-05.wav,fearful,Actor_05
../dataset\Actor_05\03-01-06-01-02-02-05.wav,fearful,Actor_05
../dataset\Actor_05\03-01-06-02-01-01-05.wav,fearful,Actor_05
../dataset\Actor_05\03-01-06-02-01-02-05.wav,fearful,Actor_05
../dataset\Actor_05\03-01-06-02-02-01-05.wav,fearful,Actor_05
../dataset\Actor_05\03-01-06-02-02-02-05.wav,fearful,Actor_05
../dataset\Actor_05\03-01-07-01-01-01-05.wav,disgust,Actor_05
../dataset\Actor_05\03-01-07-01-01-02-05.wav,disgust,Actor_05
../dataset\Actor_05\03-01-07-01-02-01-05.wav,disgust,Actor_05
../dataset\Actor_05\03-01-07-01-02-02-05.wav,disgust,Actor_05
../dataset\Actor_05\03-01-07-02-01-01-05.wav,disgust,Actor_05
../dataset\Actor_05\03-01-07-02-01-02-05.wav,disgust,Actor_05
../dataset\Actor_05\03-01-07-02-02-01-05.wav,disgust,Actor_05
../dataset\Actor_05\03-01-07-02-02-02-05.wav,disgust,Actor_05
../dataset\Actor_05\03-01-08-01-01-01-05.wav,surprised,Actor_05
../dataset\Actor_05\03-01-08-01-01-02-05.wav,surprised,Actor_05
../dataset\Actor_05\03-01-08-01-02-01-05.wav,surprised,Actor_05
../dataset\Actor_05\03-01-08-01-02-02-05.wav,surprised,Actor_05
../dataset\Actor_05\03-01-08-02-01-01-05.wav,surprised,Actor_05
../dataset\Actor_05\03-01-08-02-01-02-05.wav,surprised,Actor_05
../dataset\Actor_05\03-01-08-02-02-01-05.wav,surprised,Actor_05
../dataset\Actor_05\03-01-08-02-02-02-05.wav,surprised,Actor_05
../dataset\Actor_06\03-01-01-01-01-01-06.wav,neutral,Actor_06
../dataset\Actor_06\03-01-01-01-01-02-06.wav,neutral,Actor_06
../dataset\Actor_06\03-01-01-01-02-01-06.wav,neutral,Actor_06
../dataset\Actor_06\03-01-01-01-02-02-06.wav,neutral,Actor_06
../dataset\Actor_06\03-01-02-01-01-01-06.wav,calm,Actor_06
../dataset\Actor_06\03-01-02-01-01-02-06.wav,calm,Actor_06
../dataset\Actor_06\03-01-02-01-02-01-06.wav,calm,Actor_06
../dataset\Actor_06\03-01-02-01-02-02-06.wav,calm,Actor_06
../dataset\Actor_06\03-01-02-02-01-01-06.wav,calm,Actor_06
../dataset\Actor_06\03-01-02-02-01-02-06.wav,calm,Actor_06
../dataset\Actor_06\03-01-02-02-02-01-06.wav,calm,Actor_06
../dataset\Actor_06\03-01-02-02-02-02-06.wav,calm,Actor_06
../dataset\Actor_06\03-01-03-01-01-01-06.wav,happy,Actor_06
../dataset\Actor_06\03-01-03-01-01-02-06.wav,happy,Actor_06
../dataset\Actor_06\03-01-03-01-02-01-06.wav,happy,Actor_06
../dataset\Actor_06\03-01-03-01-02-02-06.wav,happy,Actor_06
../dataset\Actor_06\03-01-03-02-01-01-06.wav,happy,Actor_06
../dataset\Actor_06\03-01-03-02-01-02-06.wav,happy,Actor_06
../dataset\Actor_06\03-01-03-02-02-01-06.wav,happy,Actor_06
../dataset\Actor_06\03-01-03-02-02-02-06.wav,happy,Actor_06
../dataset\Actor_06\03-01-04-01-01-01-06.wav,sad,Actor_06
../dataset\Actor_06\03-01-04-01-01-02-06.wav,sad,Actor_06
../dataset\Actor_06\03-01-04-01-02-01-06.wav,sad,Actor_06
../dataset\Actor_06\03-01-04-01-02-02-06.wav,sad,Actor_06
../dataset\Actor_06\03-01-04-02-01-01-06.wav,sad,Actor_06
../dataset\Actor_06\03-01-04-02-01-02-06.wav,sad,Actor_06
../dataset\Actor_06\03-01-04-02-02-01-06.wav,sad,Actor_06
../dataset\Actor_06\03-01-04-02-02-02-06.wav,sad,Actor_06
../dataset\Actor_06\03-01-05-01-01-01-06.wav,angry,Actor_06
../dataset\Actor_06\03-01-05-01-01-02-06.wav,angry,Actor_06
../dataset\Actor_06\03-01-05-01-02-01-06.wav,angry,Actor_06
../dataset\Actor_06\03-01-05-01-02-02-06.wav,angry,Actor_06
../dataset\Actor_06\03-01-05-02-01-01-06.wav,angry,Actor_06
../dataset\Actor_06\03-01-05-02-01-02-06.wav,angry,Actor_06
../dataset\Actor_06\03-01-05-02-02-01-06.wav,angry,Actor_06
../dataset\Actor_06\03-01-05-02-02-02-06.wav,angry,Actor_06
../dataset\Actor_06\03-01-06-01-01-01-06.wav,fearful,Actor_06
../dataset\Actor_06\03-01-06-01-01-02-06.wav,fearful,Actor_06
../dataset\Actor_06\03-01-06-01-02-01-06.wav,fearful,Actor_06
../dataset\Actor_06\03-01-06-01-02-02-06.wav,fearful,Actor_06
../dataset\Actor_06\03-01-06-02-01-01-06.wav,fearful,Actor_06
../dataset\Actor_06\03-01-06-02-01-02-06.wav,fearful,Actor_06
../dataset\Actor_06\03-01-06-02-02-01-06.wav,fearful,Actor_06
../dataset\Actor_06\03-01-06-02-02-02-06.wav,fearful,Actor_06
../dataset\Actor_06\03-01-07-01-01-01-06.wav,disgust,Actor_06
../dataset\Actor_06\03-01-07-01-01-02-06.wav,disgust,Actor_06
../dataset\Actor_06\03-01-07-01-02-01-06.wav,disgust,Actor_06
../dataset\Actor_06\03-01-07-01-02-02-06.wav,disgust,Actor_06
../dataset\Actor_06\03-01-07-02-01-01-06.wav,disgust,Actor_06
../dataset\Actor_06\03-01-07-02-01-02-06.wav,disgust,Actor_06
../dataset\Actor_06\03-01-07-02-02-01-06.wav,disgust,Actor_06
../dataset\Actor_06\03-01-07-02-02-02-06.wav,disgust,Actor_06
../dataset\Actor_06\03-01-08-01-01-01-06.wav,surprised,Actor_06
../dataset\Actor_06\03-01-08-01-01-02-06.wav,surprised,Actor_06
../dataset\Actor_06\03-01-08-01-02-01-06.wav,surprised,Actor_06
../dataset\Actor_06\03-01-08-01-02-02-06.wav,surprised,Actor_06
../dataset\Actor_06\03-01-08-02-01-01-06.wav,surprised,Actor_06
../dataset\Actor_06\03-01-08-02-01-02-06.wav,surprised,Actor_06
../dataset\Actor_06\03-01-08-02-02-01-06.wav,surprised,Actor_06
../dataset\Actor_06\03-01-08-02-02-02-06.wav,surprised,Actor_06
../dataset\Actor_07\03-01-01-01-01-01-07.wav,neutral,Actor_07
../dataset\Actor_07\03-01-01-01-01-02-07.wav,neutral,Actor_07
../dataset\Actor_07\03-01-01-01-02-01-07.wav,neutral,Actor_07
../dataset\Actor_07\03-01-01-01-02-02-07.wav,neutral,Actor_07
../dataset\Actor_07\03-01-02-01-01-01-07.wav,calm,Actor_07
../dataset\Actor_07\03-01-02-01-01-02-07.wav,calm,Actor_07
../dataset\Actor_07\03-01-02-01-02-01-07.wav,calm,Actor_07
../dataset\Actor_07\03-01-02-01-02-02-07.wav,calm,Actor_07
../dataset\Actor_07\03-01-02-02-01-01-07.wav,calm,Actor_07
../dataset\Actor_07\03-01-02-02-01-02-07.wav,calm,Actor_07
../dataset\Actor_07\03-01-02-02-02-01-07.wav,calm,Actor_07
../dataset\Actor_07\03-01-02-02-02-02-07.wav,calm,Actor_07
../dataset\Actor_07\03-01-03-01-01-01-07.wav,happy,Actor_07
../dataset\Actor_07\03-01-03-01-01-02-07.wav,happy,Actor_07
../dataset\Actor_07\03-01-03-01-02-01-07.wav,happy,Actor_07
../dataset\Actor_07\03-01-03-01-02-02-07.wav,happy,Actor_07
../dataset\Actor_07\03-01-03-02-01-01-07.wav,happy,Actor_07
../dataset\Actor_07\03-01-03-02-01-02-07.wav,happy,Actor_07
../dataset\Actor_07\03-01-03-02-02-01-07.wav,happy,Actor_07
../dataset\Actor_07\03-01-03-02-02-02-07.wav,happy,Actor_07
../dataset\Actor_07\03-01-04-01-01-01-07.wav,sad,Actor_07
../dataset\Actor_07\03-01-04-01-01-02-07.wav,sad,Actor_07
../dataset\Actor_07\03-01-04-01-02-01-07.wav,sad,Actor_07
../dataset\Actor_07\03-01-04-01-02-02-07.wav,sad,Actor_07
../dataset\Actor_07\03-01-04-02-01-01-07.wav,sad,Actor_07
../dataset\Actor_07\03-01-04-02-01-02-07.wav,sad,Actor_07
../dataset\Actor_07\03-01-04-02-02-01-07.wav,sad,Actor_07
../dataset\Actor_07\03-01-04-02-02-02-07.wav,sad,Actor_07
../dataset\Actor_07\03-01-05-01-01-01-07.wav,angry,Actor_07
../dataset\Actor_07\03-01-05-01-01-02-07.wav,angry,Actor_07
../dataset\Actor_07\03-01-05-01-02-01-07.wav,angry,Actor_07
../dataset\Actor_07\03-01-05-01-02-02-07.wav,angry,Actor_07
../dataset\Actor_07\03-01-05-02-01-01-07.wav,angry,Actor_07
../dataset\Actor_07\03-01-05-02-01-02-07.wav,angry,Actor_07
../dataset\Actor_07\03-01-05-02-02-01-07.wav,angry,Actor_07
../dataset\Actor_07\03-01-05-02-02-02-07.wav,angry,Actor_07
../dataset\Actor_07\03-01-06-01-01-01-07.wav,fearful,Actor_07
../dataset\Actor_07\03-01-06-01-01-02-07.wav,fearful,Actor_07
../dataset\Actor_07\03-01-06-01-02-01-07.wav,fearful,Actor_07
../dataset\Actor_07\03-01-06-01-02-02-07.wav,fearful,Actor_07
../dataset\Actor_07\03-01-06-02-01-01-07.wav,fearful,Actor_07
../dataset\Actor_07\03-01-06-02-01-02-07.wav,fearful,Actor_07
../dataset\Actor_07\03-01-06-02-02-01-07.wav,fearful,Actor_07
../dataset\Actor_07\03-01-06-02-02-02-07.wav,fearful,Actor_07
../dataset\Actor_07\03-01-07-01-01-01-07.wav,disgust,Actor_07
../dataset\Actor_07\03-01-07-01-01-02-07.wav,disgust,Actor_07
../dataset\Actor_07\03-01-07-01-02-01-07.wav,disgust,Actor_07
../dataset\Actor_07\03-01-07-01-02-02-07.wav,disgust,Actor_07
../dataset\Actor_07\03-01-07-02-01-01-07.wav,disgust,Actor_07
../dataset\Actor_07\03-01-07-02-01-02-07.wav,disgust,Actor_07
../dataset\Actor_07\03-01-07-02-02-01-07.wav,disgust,Actor_07
../dataset\Actor_07\03-01-07-02-02-02-07.wav,disgust,Actor_07
../dataset\Actor_07\03-01-08-01-01-01-07.wav,surprised,Actor_07
../dataset\Actor_07\03-01-08-01-01-02-07.wav,surprised,Actor_07
../dataset\Actor_07\03-01-08-01-02-01-07.wav,surprised,Actor_07
../dataset\Actor_07\03-01-08-01-02-02-07.wav,surprised,Actor_07
../dataset\Actor_07\03-01-08-02-01-01-07.wav,surprised,Actor_07
../dataset\Actor_07\03-01-08-02-01-02-07.wav,surprised,Actor_07
../dataset\Actor_07\03-01-08-02-02-01-07.wav,surprised,Actor_07
../dataset\Actor_07\03-01-08-02-02-02-07.wav,surprised,Actor_07
../dataset\Actor_08\03-01-01-01-01-01-08.wav,neutral,Actor_08
../dataset\Actor_08\03-01-01-01-01-02-08.wav,neutral,Actor_08
../dataset\Actor_08\03-01-01-01-02-01-08.wav,neutral,Actor_08
../dataset\Actor_08\03-01-01-01-02-02-08.wav,neutral,Actor_08
../dataset\Actor_08\03-01-02-01-01-01-08.wav,calm,Actor_08
../dataset\Actor_08\03-01-02-01-01-02-08.wav,calm,Actor_08
../dataset\Actor_08\03-01-02-01-02-01-08.wav,calm,Actor_08
../dataset\Actor_08\03-01-02-01-02-02-08.wav,calm,Actor_08
../dataset\Actor_08\03-01-02-02-01-01-08.wav,calm,Actor_08
../dataset\Actor_08\03-01-02-02-01-02-08.wav,calm,Actor_08
../dataset\Actor_08\03-01-02-02-02-01-08.wav,calm,Actor_08
../dataset\Actor_08\03-01-02-02-02-02-08.wav,calm,Actor_08
../dataset\Actor_08\03-01-03-01-01-01-08.wav,happy,Actor_08
../dataset\Actor_08\03-01-03-01-01-02-08.wav,happy,Actor_08
../dataset\Actor_08\03-01-03-01-02-01-08.wav,happy,Actor_08
../dataset\Actor_08\03-01-03-01-02-02-08.wav,happy,Actor_08
../dataset\Actor_08\03-01-03-02-01-01-08.wav,happy,Actor_08
../dataset\Actor_08\03-01-03-02-01-02-08.wav,happy,Actor_08
../dataset\Actor_08\03-01-03-02-02-01-08.wav,happy,Actor_08
../dataset\Actor_08\03-01-03-02-02-02-08.wav,happy,Actor_08
../dataset\Actor_08\03-01-04-01-01-01-08.wav,sad,Actor_08
../dataset\Actor_08\03-01-04-01-01-02-08.wav,sad,Actor_08
../dataset\Actor_08\03-01-04-01-02-01-08.wav,sad,Actor_08
../dataset\Actor_08\03-01-04-01-02-02-08.wav,sad,Actor_08
../dataset\Actor_08\03-01-04-02-01-01-08.wav,sad,Actor_08
../dataset\Actor_08\03-01-04-02-01-02-08.wav,sad,Actor_08
../dataset\Actor_08\03-01-04-02-02-01-08.wav,sad,Actor_08
../dataset\Actor_08\03-01-04-02-02-02-08.wav,sad,Actor_08
../dataset\Actor_08\03-01-05-01-01-01-08.wav,angry,Actor_08
../dataset\Actor_08\03-01-05-01-01-02-08.wav,angry,Actor_08
../dataset\Actor_08\03-01-05-01-02-01-08.wav,angry,Actor_08
../dataset\Actor_08\03-01-05-01-02-02-08.wav,angry,Actor_08
../dataset\Actor_08\03-01-05-02-01-01-08.wav,angry,Actor_08
../dataset\Actor_08\03-01-05-02-01-02-08.wav,angry,Actor_08
../dataset\Actor_08\03-01-05-02-02-01-08.wav,angry,Actor_08
../dataset\Actor_08\03-01-05-02-02-02-08.wav,angry,Actor_08
../dataset\Actor_08\03-01-06-01-01-01-08.wav,fearful,Actor_08
../dataset\Actor_08\03-01-06-01-01-02-08.wav,fearful,Actor_08
../dataset\Actor_08\03-01-06-01-02-01-08.wav,fearful,Actor_08
../dataset\Actor_08\03-01-06-01-02-02-08.wav,fearful,Actor_08
../dataset\Actor_08\03-01-06-02-01-01-08.wav,fearful,Actor_08
../dataset\Actor_08\03-01-06-02-01-02-08.wav,fearful,Actor_08
../dataset\Actor_08\03-01-06-02-02-01-08.wav,fearful,Actor_08
../dataset\Actor_08\03-01-06-02-02-02-08.wav,fearful,Actor_08
../dataset\Actor_08\03-01-07-01-01-01-08.wav,disgust,Actor_08
../dataset\Actor_08\03-01-07-01-01-02-08.wav,disgust,Actor_08
../dataset\Actor_08\03-01-07-01-02-01-08.wav,disgust,Actor_08
../dataset\Actor_08\03-01-07-01-02-02-08.wav,disgust,Actor_08
../dataset\Actor_08\03-01-07-02-01-01-08.wav,disgust,Actor_08
../dataset\Actor_08\03-01-07-02-01-02-08.wav,disgust,Actor_08
../dataset\Actor_08\03-01-07-02-02-01-08.wav,disgust,Actor_08
../dataset\Actor_08\03-01-07-02-02-02-08.wav,disgust,Actor_08
../dataset\Actor_08\03-01-08-01-01-01-08.wav,surprised,Actor_08
../dataset\Actor_08\03-01-08-01-01-02-08.wav,surprised,Actor_08
../dataset\Actor_08\03-01-08-01-02-01-08.wav,surprised,Actor_08
../dataset\Actor_08\03-01-08-01-02-02-08.wav,surprised,Actor_08
../dataset\Actor_08\03-01-08-02-01-01-08.wav,surprised,Actor_08
../dataset\Actor_08\03-01-08-02-01-02-08.wav,surprised,Actor_08
../dataset\Actor_08\03-01-08-02-02-01-08.wav,surprised,Actor_08
../dataset\Actor_08\03-01-08-02-02-02-08.wav,surprised,Actor_08
../dataset\Actor_09\03-01-01-01-01-01-09.wav,neutral,Actor_09
../dataset\Actor_09\03-01-01-01-01-02-09.wav,neutral,Actor_09
../dataset\Actor_09\03-01-01-01-02-01-09.wav,neutral,Actor_09
../dataset\Actor_09\03-01-01-01-02-02-09.wav,neutral,Actor_09
../dataset\Actor_09\03-01-02-01-01-01-09.wav,calm,Actor_09
../dataset\Actor_09\03-01-02-01-01-02-09.wav,calm,Actor_09
../dataset\Actor_09\03-01-02-01-02-01-09.wav,calm,Actor_09
../dataset\Actor_09\03-01-02-01-02-02-09.wav,calm,Actor_09
../dataset\Actor_09\03-01-02-02-01-01-09.wav,calm,Actor_09
../dataset\Actor_09\03-01-02-02-01-02-09.wav,calm,Actor_09
../dataset\Actor_09\03-01-02-02-02-01-09.wav,calm,Actor_09
../dataset\Actor_09\03-01-02-02-02-02-09.wav,calm,Actor_09
../dataset\Actor_09\03-01-03-01-01-01-09.wav,happy,Actor_09
../dataset\Actor_09\03-01-03-01-01-02-09.wav,happy,Actor_09
../dataset\Actor_09\03-01-03-01-02-01-09.wav,happy,Actor_09
../dataset\Actor_09\03-01-03-01-02-02-09.wav,happy,Actor_09
../dataset\Actor_09\03-01-03-02-01-01-09.wav,happy,Actor_09
../dataset\Actor_09\03-01-03-02-01-02-09.wav,happy,Actor_09
../dataset\Actor_09\03-01-03-02-02-01-09.wav,happy,Actor_09
../dataset\Actor_09\03-01-03-02-02-02-09.wav,happy,Actor_09
../dataset\Actor_09\03-01-04-01-01-01-09.wav,sad,Actor_09
../dataset\Actor_09\03-01-04-01-01-02-09.wav,sad,Actor_09
../dataset\Actor_09\03-01-04-01-02-01-09.wav,sad,Actor_09
../dataset\Actor_09\03-01-04-01-02-02-09.wav,sad,Actor_09
../dataset\Actor_09\03-01-04-02-01-01-09.wav,sad,Actor_09
../dataset\Actor_09\03-01-04-02-01-02-09.wav,sad,Actor_09
../dataset\Actor_09\03-01-04-02-02-01-09.wav,sad,Actor_09
../dataset\Actor_09\03-01-04-02-02-02-09.wav,sad,Actor_09
../dataset\Actor_09\03-01-05-01-01-01-09.wav,angry,Actor_09
../dataset\Actor_09\03-01-05-01-01-02-09.wav,angry,Actor_09
../dataset\Actor_09\03-01-05-01-02-01-09.wav,angry,Actor_09
../dataset\Actor_09\03-01-05-01-02-02-09.wav,angry,Actor_09
../dataset\Actor_09\03-01-05-02-01-01-09.wav,angry,Actor_09
../dataset\Actor_09\03-01-05-02-01-02-09.wav,angry,Actor_09
../dataset\Actor_09\03-01-05-02-02-01-09.wav,angry,Actor_09
../dataset\Actor_09\03-01-05-02-02-02-09.wav,angry,Actor_09
../dataset\Actor_09\03-01-06-01-01-01-09.wav,fearful,Actor_09
../dataset\Actor_09\03-01-06-01-01-02-09.wav,fearful,Actor_09
../dataset\Actor_09\03-01-06-01-02-01-09.wav,fearful,Actor_09
../dataset\Actor_09\03-01-06-01-02-02-09.wav,fearful,Actor_09
../dataset\Actor_09\03-01-06-02-01-01-09.wav,fearful,Actor_09
../dataset\Actor_09\03-01-06-02-01-02-09.wav,fearful,Actor_09
../dataset\Actor_09\03-01-06-02-02-01-09.wav,fearful,Actor_09
../dataset\Actor_09\03-01-06-02-02-02-09.wav,fearful,Actor_09
../dataset\Actor_09\03-01-07-01-01-01-09.wav,disgust,Actor_09
../dataset\Actor_09\03-01-07-01-01-02-09.wav,disgust,Actor_09
../dataset\Actor_09\03-01-07-01-02-01-09.wav,disgust,Actor_09
../dataset\Actor_09\03-01-07-01-02-02-09.wav,disgust,Actor_09
../dataset\Actor_09\03-01-07-02-01-01-09.wav,disgust,Actor_09
../dataset\Actor_09\03-01-07-02-01-02-09.wav,disgust,Actor_09
../dataset\Actor_09\03-01-07-02-02-01-09.wav,disgust,Actor_09
../dataset\Actor_09\03-01-07-02-02-02-09.wav,disgust,Actor_09
../dataset\Actor_09\03-01-08-01-01-01-09.wav,surprised,Actor_09
../dataset\Actor_09\03-01-08-01-01-02-09.wav,surprised,Actor_09
../dataset\Actor_09\03-01-08-01-02-01-09.wav,surprised,Actor_09
../dataset\Actor_09\03-01-08-01-02-02-09.wav,surprised,Actor_09
../dataset\Actor_09\03-01-08-02-01-01-09.wav,surprised,Actor_09
../dataset\Actor_09\03-01-08-02-01-02-09.wav,surprised,Actor_09
../dataset\Actor_09\03-01-08-02-02-01-09.wav,surprised,Actor_09
../dataset\Actor_09\03-01-08-02-02-02-09.wav,surprised,Actor_09
../dataset\Actor_10\03-01-01-01-01-01-10.wav,neutral,Actor_10
../dataset\Actor_10\03-01-01-01-01-02-10.wav,neutral,Actor_10
../dataset\Actor_10\03-01-01-01-02-01-10.wav,neutral,Actor_10
../dataset\Actor_10\03-01-01-01-02-02-10.wav,neutral,Actor_10
../dataset\Actor_10\03-01-02-01-01-01-10.wav,calm,Actor_10
../dataset\Actor_10\03-01-02-01-01-02-10.wav,calm,Actor_10
../dataset\Actor_10\03-01-02-01-02-01-10.wav,calm,Actor_10
../dataset\Actor_10\03-01-02-01-02-02-10.wav,calm,Actor_10
../dataset\Actor_10\03-01-02-02-01-01-10.wav,calm,Actor_10
../dataset\Actor_10\03-01-02-02-01-02-10.wav,calm,Actor_10
../dataset\Actor_10\03-01-02-02-02-01-10.wav,calm,Actor_10
../dataset\Actor_10\03-01-02-02-02-02-10.wav,calm,Actor_10
../dataset\Actor_10\03-01-03-01-01-01-10.wav,happy,Actor_10
../dataset\Actor_10\03-01-03-01-01-02-10.wav,happy,Actor_10
../dataset\Actor_10\03-01-03-01-02-01-10.wav,happy,Actor_10
../dataset\Actor_10\03-01-03-01-02-02-10.wav,happy,Actor_10
../dataset\Actor_10\03-01-03-02-01-01-10.wav,happy,Actor_10
../dataset\Actor_10\03-01-03-02-01-02-10.wav,happy,Actor_10
../dataset\Actor_10\03-01-03-02-02-01-10.wav,happy,Actor_10
../dataset\Actor_10\03-01-03-02-02-02-10.wav,happy,Actor_10
../dataset\Actor_10\03-01-04-01-01-01-10.wav,sad,Actor_10
../dataset\Actor_10\03-01-04-01-01-02-10.wav,sad,Actor_10
../dataset\Actor_10\03-01-04-01-02-01-10.wav,sad,Actor_10
../dataset\Actor_10\03-01-04-01-02-02-10.wav,sad,Actor_10
../dataset\Actor_10\03-01-04-02-01-01-10.wav,sad,Actor_10
../dataset\Actor_10\03-01-04-02-01-02-10.wav,sad,Actor_10
../dataset\Actor_10\03-01-04-02-02-01-10.wav,sad,Actor_10
../dataset\Actor_10\03-01-04-02-02-02-10.wav,sad,Actor_10
../dataset\Actor_10\03-01-05-01-01-01-10.wav,angry,Actor_10
../dataset\Actor_10\03-01-05-01-01-02-10.wav,angry,Actor_10
../dataset\Actor_10\03-01-05-01-02-01-10.wav,angry,Actor_10
../dataset\Actor_10\03-01-05-01-02-02-10.wav,angry,Actor_10
../dataset\Actor_10\03-01-05-02-01-01-10.wav,angry,Actor_10
../dataset\Actor_10\03-01-05-02-01-02-10.wav,angry,Actor_10
../dataset\Actor_10\03-01-05-02-02-01-10.wav,angry,Actor_10
../dataset\Actor_10\03-01-05-02-02-02-10.wav,angry,Actor_10
../dataset\Actor_10\03-01-06-01-01-01-10.wav,fearful,Actor_10
../dataset\Actor_10\03-01-06-01-01-02-10.wav,fearful,Actor_10
../dataset\Actor_10\03-01-06-01-02-01-10.wav,fearful,Actor_10
../dataset\Actor_10\03-01-06-01-02-02-10.wav,fearful,Actor_10
../dataset\Actor_10\03-01-06-02-01-01-10.wav,fearful,Actor_10
../dataset\Actor_10\03-01-06-02-01-02-10.wav,fearful,Actor_10
../dataset\Actor_10\03-01-06-02-02-01-10.wav,fearful,Actor_10
../dataset\Actor_10\03-01-06-02-02-02-10.wav,fearful,Actor_10
../dataset\Actor_10\03-01-07-01-01-01-10.wav,disgust,Actor_10
../dataset\Actor_10\03-01-07-01-01-02-10.wav,disgust,Actor_10
../dataset\Actor_10\03-01-07-01-02-01-10.wav,disgust,Actor_10
../dataset\Actor_10\03-01-07-01-02-02-10.wav,disgust,Actor_10
../dataset\Actor_10\03-01-07-02-01-01-10.wav,disgust,Actor_10
../dataset\Actor_10\03-01-07-02-01-02-10.wav,disgust,Actor_10
../dataset\Actor_10\03-01-07-02-02-01-10.wav,disgust,Actor_10
../dataset\Actor_10\03-01-07-02-02-02-10.wav,disgust,Actor_10
../dataset\Actor_10\03-01-08-01-01-01-10.wav,surprised,Actor_10
../dataset\Actor_10\03-01-08-01-01-02-10.wav,surprised,Actor_10
../dataset\Actor_10\03-01-08-01-02-01-10.wav,surprised,Actor_10
../dataset\Actor_10\03-01-08-01-02-02-10.wav,surprised,Actor_10
../dataset\Actor_10\03-01-08-02-01-01-10.wav,surprised,Actor_10
../dataset\Actor_10\03-01-08-02-01-02-10.wav,surprised,Actor_10
../dataset\Actor_10\03-01-08-02-02-01-10.wav,surprised,Actor_10
../dataset\Actor_10\03-01-08-02-02-02-10.wav,surprised,Actor_10
../dataset\Actor_11\03-01-01-01-01-01-11.wav,neutral,Actor_11
../dataset\Actor_11\03-01-01-01-01-02-11.wav,neutral,Actor_11
../dataset\Actor_11\03-01-01-01-02-01-11.wav,neutral,Actor_11
../dataset\Actor_11\03-01-01-01-02-02-11.wav,neutral,Actor_11
../dataset\Actor_11\03-01-02-01-01-01-11.wav,calm,Actor_11
../dataset\Actor_11\03-01-02-01-01-02-11.wav,calm,Actor_11
../dataset\Actor_11\03-01-02-01-02-01-11.wav,calm,Actor_11
../dataset\Actor_11\03-01-02-01-02-02-11.wav,calm,Actor_11
../dataset\Actor_11\03-01-02-02-01-01-11.wav,calm,Actor_11
../dataset\Actor_11\03-01-02-02-01-02-11.wav,calm,Actor_11
../dataset\Actor_11\03-01-02-02-02-01-11.wav,calm,Actor_11
../dataset\Actor_11\03-01-02-02-02-02-11.wav,calm,Actor_11
../dataset\Actor_11\03-01-03-01-01-01-11.wav,happy,Actor_11
../dataset\Actor_11\03-01-03-01-01-02-11.wav,happy,Actor_11
../dataset\Actor_11\03-01-03-01-02-01-11.wav,happy,Actor_11
../dataset\Actor_11\03-01-03-01-02-02-11.wav,happy,Actor_11
../dataset\Actor_11\03-01-03-02-01-01-11.wav,happy,Actor_11
../dataset\Actor_11\03-01-03-02-01-02-11.wav,happy,Actor_11
../dataset\Actor_11\03-01-03-02-02-01-11.wav,happy,Actor_11
../dataset\Actor_11\03-01-03-02-02-02-11.wav,happy,Actor_11
../dataset\Actor_11\03-01-04-01-01-01-11.wav,sad,Actor_11
../dataset\Actor_11\03-01-04-01-01-02-11.wav,sad,Actor_11
../dataset\Actor_11\03-01-04-01-02-01-11.wav,sad,Actor_11
../dataset\Actor_11\03-01-04-01-02-02-11.wav,sad,Actor_11
../dataset\Actor_11\03-01-04-02-01-01-11.wav,sad,Actor_11
../dataset\Actor_11\03-01-04-02-01-02-11.wav,sad,Actor_11
../dataset\Actor_11\03-01-04-02-02-01-11.wav,sad,Actor_11
../dataset\Actor_11\03-01-04-02-02-02-11.wav,sad,Actor_11
../dataset\Actor_11\03-01-05-01-01-01-11.wav,angry,Actor_11
../dataset\Actor_11\03-01-05-01-01-02-11.wav,angry,Actor_11
../dataset\Actor_11\03-01-05-01-02-01-11.wav,angry,Actor_11
../dataset\Actor_11\03-01-05-01-02-02-11.wav,angry,Actor_11
../dataset\Actor_11\03-01-05-02-01-01-11.wav,angry,Actor_11
../dataset\Actor_11\03-01-05-02-01-02-11.wav,angry,Actor_11
../dataset\Actor_11\03-01-05-02-02-01-11.wav,angry,Actor_11
../dataset\Actor_11\03-01-05-02-02-02-11.wav,angry,Actor_11
../dataset\Actor_11\03-01-06-01-01-01-11.wav,fearful,Actor_11
../dataset\Actor_11\03-01-06-01-01-02-11.wav,fearful,Actor_11
../dataset\Actor_11\03-01-06-01-02-01-11.wav,fearful,Actor_11
../dataset\Actor_11\03-01-06-01-02-02-11.wav,fearful,Actor_11
../dataset\Actor_11\03-01-06-02-01-01-11.wav,fearful,Actor_11
../dataset\Actor_11\03-01-06-02-01-02-11.wav,fearful,Actor_11
../dataset\Actor_11\03-01-06-02-02-01-11.wav,fearful,Actor_11
../dataset\Actor_11\03-01-06-02-02-02-11.wav,fearful,Actor_11
../dataset\Actor_11\03-01-07-01-01-01-11.wav,disgust,Actor_11
../dataset\Actor_11\03-01-07-01-01-02-11.wav,disgust,Actor_11
../dataset\Actor_11\03-01-07-01-02-01-11.wav,disgust,Actor_11
../dataset\Actor_11\03-01-07-01-02-02-11.wav,disgust,Actor_11
../dataset\Actor_11\03-01-07-02-01-01-11.wav,disgust,Actor_11
../dataset\Actor_11\03-01-07-02-01-02-11.wav,disgust,Actor_11
../dataset\Actor_11\03-01-07-02-02-01-11.wav,disgust,Actor_11
../dataset\Actor_11\03-01-07-02-02-02-11.wav,disgust,Actor_11
../dataset\Actor_11\03-01-08-01-01-01-11.wav,surprised,Actor_11
../dataset\Actor_11\03-01-08-01-01-02-11.wav,surprised,Actor_11
../dataset\Actor_11\03-01-08-01-02-01-11.wav,surprised,Actor_11
../dataset\Actor_11\03-01-08-01-02-02-11.wav,surprised,Actor_11
../dataset\Actor_11\03-01-08-02-01-01-11.wav,surprised,Actor_11
../dataset\Actor_11\03-01-08-02-01-02-11.wav,surprised,Actor_11
../dataset\Actor_11\03-01-08-02-02-01-11.wav,surprised,Actor_11
../dataset\Actor_11\03-01-08-02-02-02-11.wav,surprised,Actor_11
../dataset\Actor_12\03-01-01-01-01-01-12.wav,neutral,Actor_12
../dataset\Actor_12\03-01-01-01-01-02-12.wav,neutral,Actor_12
../dataset\Actor_12\03-01-01-01-02-01-12.wav,neutral,Actor_12
../dataset\Actor_12\03-01-01-01-02-02-12.wav,neutral,Actor_12
../dataset\Actor_12\03-01-02-01-01-01-12.wav,calm,Actor_12
../dataset\Actor_12\03-01-02-01-01-02-12.wav,calm,Actor_12
../dataset\Actor_12\03-01-02-01-02-01-12.wav,calm,Actor_12
../dataset\Actor_12\03-01-02-01-02-02-12.wav,calm,Actor_12
../dataset\Actor_12\03-01-02-02-01-01-12.wav,calm,Actor_12
../dataset\Actor_12\03-01-02-02-01-02-12.wav,calm,Actor_12
../dataset\Actor_12\03-01-02-02-02-01-12.wav,calm,Actor_12
../dataset\Actor_12\03-01-02-02-02-02-12.wav,calm,Actor_12
../dataset\Actor_12\03-01-03-01-01-01-12.wav,happy,Actor_12
../dataset\Actor_12\03-01-03-01-01-02-12.wav,happy,Actor_12
../dataset\Actor_12\03-01-03-01-02-01-12.wav,happy,Actor_12
../dataset\Actor_12\03-01-03-01-02-02-12.wav,happy,Actor_12
../dataset\Actor_12\03-01-03-02-01-01-12.wav,happy,Actor_12
../dataset\Actor_12\03-01-03-02-01-02-12.wav,happy,Actor_12
../dataset\Actor_12\03-01-03-02-02-01-12.wav,happy,Actor_12
../dataset\Actor_12\03-01-03-02-02-02-12.wav,happy,Actor_12
../dataset\Actor_12\03-01-04-01-01-01-12.wav,sad,Actor_12
../dataset\Actor_12\03-01-04-01-01-02-12.wav,sad,Actor_12
../dataset\Actor_12\03-01-04-01-02-01-12.wav,sad,Actor_12
../dataset\Actor_12\03-01-04-01-02-02-12.wav,sad,Actor_12
../dataset\Actor_12\03-01-04-02-01-01-12.wav,sad,Actor_12
../dataset\Actor_12\03-01-04-02-01-02-12.wav,sad,Actor_12
../dataset\Actor_12\03-01-04-02-02-01-12.wav,sad,Actor_12
../dataset\Actor_12\03-01-04-02-02-02-12.wav,sad,Actor_12
../dataset\Actor_12\03-01-05-01-01-01-12.wav,angry,Actor_12
../dataset\Actor_12\03-01-05-01-01-02-12.wav,angry,Actor_12
../dataset\Actor_12\03-01-05-01-02-01-12.wav,angry,Actor_12
../dataset\Actor_12\03-01-05-01-02-02-12.wav,angry,Actor_12
../dataset\Actor_12\03-01-05-02-01-01-12.wav,angry,Actor_12
../dataset\Actor_12\03-01-05-02-01-02-12.wav,angry,Actor_12
../dataset\Actor_12\03-01-05-02-02-01-12.wav,angry,Actor_12
../dataset\Actor_12\03-01-05-02-02-02-12.wav,angry,Actor_12
../dataset\Actor_12\03-01-06-01-01-01-12.wav,fearful,Actor_12
../dataset\Actor_12\03-01-06-01-01-02-12.wav,fearful,Actor_12
../dataset\Actor_12\03-01-06-01-02-01-12.wav,fearful,Actor_12
../dataset\Actor_12\03-01-06-01-02-02-12.wav,fearful,Actor_12
../dataset\Actor_12\03-01-06-02-01-01-12.wav,fearful,Actor_12
../dataset\Actor_12\03-01-06-02-01-02-12.wav,fearful,Actor_12
../dataset\Actor_12\03-01-06-02-02-01-12.wav,fearful,Actor_12
../dataset\Actor_12\03-01-06-02-02-02-12.wav,fearful,Actor_12
../dataset\Actor_12\03-01-07-01-01-01-12.wav,disgust,Actor_12
../dataset\Actor_12\03-01-07-01-01-02-12.wav,disgust,Actor_12
../dataset\Actor_12\03-01-07-01-02-01-12.wav,disgust,Actor_12
../dataset\Actor_12\03-01-07-01-02-02-12.wav,disgust,Actor_12
../dataset\Actor_12\03-01-07-02-01-01-12.wav,disgust,Actor_12
../dataset\Actor_12\03-01-07-02-01-02-12.wav,disgust,Actor_12
../dataset\Actor_12\03-01-07-02-02-01-12.wav,disgust,Actor_12
../dataset\Actor_12\03-01-07-02-02-02-12.wav,disgust,Actor_12
../dataset\Actor_12\03-01-08-01-01-01-12.wav,surprised,Actor_12
../dataset\Actor_12\03-01-08-01-01-02-12.wav,surprised,Actor_12
../dataset\Actor_12\03-01-08-01-02-01-12.wav,surprised,Actor_12
../dataset\Actor_12\03-01-08-01-02-02-12.wav,surprised,Actor_12
../dataset\Actor_12\03-01-08-02-01-01-12.wav,surprised,Actor_12
../dataset\Actor_12\03-01-08-02-01-02-12.wav,surprised,Actor_12
../dataset\Actor_12\03-01-08-02-02-01-12.wav,surprised,Actor_12
../dataset\Actor_12\03-01-08-02-02-02-12.wav,surprised,Actor_12
../dataset\Actor_13\03-01-01-01-01-01-13.wav,neutral,Actor_13
../dataset\Actor_13\03-01-01-01-01-02-13.wav,neutral,Actor_13
../dataset\Actor_13\03-01-01-01-02-01-13.wav,neutral,Actor_13
../dataset\Actor_13\03-01-01-01-02-02-13.wav,neutral,Actor_13
../dataset\Actor_13\03-01-02-01-01-01-13.wav,calm,Actor_13
../dataset\Actor_13\03-01-02-01-01-02-13.wav,calm,Actor_13
../dataset\Actor_13\03-01-02-01-02-01-13.wav,calm,Actor_13
../dataset\Actor_13\03-01-02-01-02-02-13.wav,calm,Actor_13
../dataset\Actor_13\03-01-02-02-01-01-13.wav,calm,Actor_13
../dataset\Actor_13\03-01-02-02-01-02-13.wav,calm,Actor_13
../dataset\Actor_13\03-01-02-02-02-01-13.wav,calm,Actor_13
../dataset\Actor_13\03-01-02-02-02-02-13.wav,calm,Actor_13
../dataset\Actor_13\03-01-03-01-01-01-13.wav,happy,Actor_13
../dataset\Actor_13\03-01-03-01-01-02-13.wav,happy,Actor_13
../dataset\Actor_13\03-01-03-01-02-01-13.wav,happy,Actor_13
../dataset\Actor_13\03-01-03-01-02-02-13.wav,happy,Actor_13
../dataset\Actor_13\03-01-03-02-01-01-13.wav,happy,Actor_13
../dataset\Actor_13\03-01-03-02-01-02-13.wav,happy,Actor_13
../dataset\Actor_13\03-01-03-02-02-01-13.wav,happy,Actor_13
../dataset\Actor_13\03-01-03-02-02-02-13.wav,happy,Actor_13
../dataset\Actor_13\03-01-04-01-01-01-13.wav,sad,Actor_13
../dataset\Actor_13\03-01-04-01-01-02-13.wav,sad,Actor_13
../dataset\Actor_13\03-01-04-01-02-01-13.wav,sad,Actor_13
../dataset\Actor_13\03-01-04-01-02-02-13.wav,sad,Actor_13
../dataset\Actor_13\03-01-04-02-01-01-13.wav,sad,Actor_13
../dataset\Actor_13\03-01-04-02-01-02-13.wav,sad,Actor_13
../dataset\Actor_13\03-01-04-02-02-01-13.wav,sad,Actor_13
../dataset\Actor_13\03-01-04-02-02-02-13.wav,sad,Actor_13
../dataset\Actor_13\03-01-05-01-01-01-13.wav,angry,Actor_13
../dataset\Actor_13\03-01-05-01-01-02-13.wav,angry,Actor_13
../dataset\Actor_13\03-01-05-01-02-01-13.wav,angry,Actor_13
../dataset\Actor_13\03-01-05-01-02-02-13.wav,angry,Actor_13
../dataset\Actor_13\03-01-05-02-01-01-13.wav,angry,Actor_13
../dataset\Actor_13\03-01-05-02-01-02-13.wav,angry,Actor_13
../dataset\Actor_13\03-01-05-02-02-01-13.wav,angry,Actor_13
../dataset\Actor_13\03-01-05-02-02-02-13.wav,angry,Actor_13
../dataset\Actor_13\03-01-06-01-01-01-13.wav,fearful,Actor_13
../dataset\Actor_13\03-01-06-01-01-02-13.wav,fearful,Actor_13
../dataset\Actor_13\03-01-06-01-02-01-13.wav,fearful,Actor_13
../dataset\Actor_13\03-01-06-01-02-02-13.wav,fearful,Actor_13
../dataset\Actor_13\03-01-06-02-01-01-13.wav,fearful,Actor_13
../dataset\Actor_13\03-01-06-02-01-02-13.wav,fearful,Actor_13
../dataset\Actor_13\03-01-06-02-02-01-13.wav,fearful,Actor_13
../dataset\Actor_13\03-01-06-02-02-02-13.wav,fearful,Actor_13
../dataset\Actor_13\03-01-07-01-01-01-13.wav,disgust,Actor_13
../dataset\Actor_13\03-01-07-01-01-02-13.wav,disgust,Actor_13
../dataset\Actor_13\03-01-07-01-02-01-13.wav,disgust,Actor_13
../dataset\Actor_13\03-01-07-01-02-02-13.wav,disgust,Actor_13
../dataset\Actor_13\03-01-07-02-01-01-13.wav,disgust,Actor_13
../dataset\Actor_13\03-01-07-02-01-02-13.wav,disgust,Actor_13
../dataset\Actor_13\03-01-07-02-02-01-13.wav,disgust,Actor_13
../dataset\Actor_13\03-01-07-02-02-02-13.wav,disgust,Actor_13
../dataset\Actor_13\03-01-08-01-01-01-13.wav,surprised,Actor_13
../dataset\Actor_13\03-01-08-01-01-02-13.wav,surprised,Actor_13
../dataset\Actor_13\03-01-08-01-02-01-13.wav,surprised,Actor_13
../dataset\Actor_13\03-01-08-01-02-02-13.wav,surprised,Actor_13
../dataset\Actor_13\03-01-08-02-01-01-13.wav,surprised,Actor_13
../dataset\Actor_13\03-01-08-02-01-02-13.wav,surprised,Actor_13
../dataset\Actor_13\03-01-08-02-02-01-13.wav,surprised,Actor_13
../dataset\Actor_13\03-01-08-02-02-02-13.wav,surprised,Actor_13
../dataset\Actor_14\03-01-01-01-01-01-14.wav,neutral,Actor_14
../dataset\Actor_14\03-01-01-01-01-02-14.wav,neutral,Actor_14
../dataset\Actor_14\03-01-01-01-02-01-14.wav,neutral,Actor_14
../dataset\Actor_14\03-01-01-01-02-02-14.wav,neutral,Actor_14
../dataset\Actor_14\03-01-02-01-01-01-14.wav,calm,Actor_14
../dataset\Actor_14\03-01-02-01-01-02-14.wav,calm,Actor_14
../dataset\Actor_14\03-01-02-01-02-01-14.wav,calm,Actor_14
../dataset\Actor_14\03-01-02-01-02-02-14.wav,calm,Actor_14
../dataset\Actor_14\03-01-02-02-01-01-14.wav,calm,Actor_14
../dataset\Actor_14\03-01-02-02-01-02-14.wav,calm,Actor_14
../dataset\Actor_14\03-01-02-02-02-01-14.wav,calm,Actor_14
../dataset\Actor_14\03-01-02-02-02-02-14.wav,calm,Actor_14
../dataset\Actor_14\03-01-03-01-01-01-14.wav,happy,Actor_14
../dataset\Actor_14\03-01-03-01-01-02-14.wav,happy,Actor_14
../dataset\Actor_14\03-01-03-01-02-01-14.wav,happy,Actor_14
../dataset\Actor_14\03-01-03-01-02-02-14.wav,happy,Actor_14
../dataset\Actor_14\03-01-03-02-01-01-14.wav,happy,Actor_14
../dataset\Actor_14\03-01-03-02-01-02-14.wav,happy,Actor_14
../dataset\Actor_14\03-01-03-02-02-01-14.wav,happy,Actor_14
../dataset\Actor_14\03-01-03-02-02-02-14.wav,happy,Actor_14
../dataset\Actor_14\03-01-04-01-01-01-14.wav,sad,Actor_14
../dataset\Actor_14\03-01-04-01-01-02-14.wav,sad,Actor_14
../dataset\Actor_14\03-01-04-01-02-01-14.wav,sad,Actor_14
../dataset\Actor_14\03-01-04-01-02-02-14.wav,sad,Actor_14
../dataset\Actor_14\03-01-04-02-01-01-14.wav,sad,Actor_14
../dataset\Actor_14\03-01-04-02-01-02-14.wav,sad,Actor_14
../dataset\Actor_14\03-01-04-02-02-01-14.wav,sad,Actor_14
../dataset\Actor_14\03-01-04-02-02-02-14.wav,sad,Actor_14
../dataset\Actor_14\03-01-05-01-01-01-14.wav,angry,Actor_14
../dataset\Actor_14\03-01-05-01-01-02-14.wav,angry,Actor_14
../dataset\Actor_14\03-01-05-01-02-01-14.wav,angry,Actor_14
../dataset\Actor_14\03-01-05-01-02-02-14.wav,angry,Actor_14
../dataset\Actor_14\03-01-05-02-01-01-14.wav,angry,Actor_14
../dataset\Actor_14\03-01-05-02-01-02-14.wav,angry,Actor_14
../dataset\Actor_14\03-01-05-02-02-01-14.wav,angry,Actor_14
../dataset\Actor_14\03-01-05-02-02-02-14.wav,angry,Actor_14
../dataset\Actor_14\03-01-06-01-01-01-14.wav,fearful,Actor_14
../dataset\Actor_14\03-01-06-01-01-02-14.wav,fearful,Actor_14
../dataset\Actor_14\03-01-06-01-02-01-14.wav,fearful,Actor_14
../dataset\Actor_14\03-01-06-01-02-02-14.wav,fearful,Actor_14
../dataset\Actor_14\03-01-06-02-01-01-14.wav,fearful,Actor_14
../dataset\Actor_14\03-01-06-02-01-02-14.wav,fearful,Actor_14
../dataset\Actor_14\03-01-06-02-02-01-14.wav,fearful,Actor_14
../dataset\Actor_14\03-01-06-02-02-02-14.wav,fearful,Actor_14
../dataset\Actor_14\03-01-07-01-01-01-14.wav,disgust,Actor_14
../dataset\Actor_14\03-01-07-01-01-02-14.wav,disgust,Actor_14
../dataset\Actor_14\03-01-07-01-02-01-14.wav,disgust,Actor_14
../dataset\Actor_14\03-01-07-01-02-02-14.wav,disgust,Actor_14
../dataset\Actor_14\03-01-07-02-01-01-14.wav,disgust,Actor_14
../dataset\Actor_14\03-01-07-02-01-02-14.wav,disgust,Actor_14
../dataset\Actor_14\03-01-07-02-02-01-14.wav,disgust,Actor_14
../dataset\Actor_14\03-01-07-02-02-02-14.wav,disgust,Actor_14
../dataset\Actor_14\03-01-08-01-01-01-14.wav,surprised,Actor_14
../dataset\Actor_14\03-01-08-01-01-02-14.wav,surprised,Actor_14
../dataset\Actor_14\03-01-08-01-02-01-14.wav,surprised,Actor_14
../dataset\Actor_14\03-01-08-01-02-02-14.wav,surprised,Actor_14
../dataset\Actor_14\03-01-08-02-01-01-14.wav,surprised,Actor_14
../dataset\Actor_14\03-01-08-02-01-02-14.wav,surprised,Actor_14
../dataset\Actor_14\03-01-08-02-02-01-14.wav,surprised,Actor_14
../dataset\Actor_14\03-01-08-02-02-02-14.wav,surprised,Actor_14
../dataset\Actor_15\03-01-01-01-01-01-15.wav,neutral,Actor_15
../dataset\Actor_15\03-01-01-01-01-02-15.wav,neutral,Actor_15
../dataset\Actor_15\03-01-01-01-02-01-15.wav,neutral,Actor_15
../dataset\Actor_15\03-01-01-01-02-02-15.wav,neutral,Actor_15
../dataset\Actor_15\03-01-02-01-01-01-15.wav,calm,Actor_15
../dataset\Actor_15\03-01-02-01-01-02-15.wav,calm,Actor_15
../dataset\Actor_15\03-01-02-01-02-01-15.wav,calm,Actor_15
../dataset\Actor_15\03-01-02-01-02-02-15.wav,calm,Actor_15
../dataset\Actor_15\03-01-02-02-01-01-15.wav,calm,Actor_15
../dataset\Actor_15\03-01-02-02-01-02-15.wav,calm,Actor_15
../dataset\Actor_15\03-01-02-02-02-01-15.wav,calm,Actor_15
../dataset\Actor_15\03-01-02-02-02-02-15.wav,calm,Actor_15
../dataset\Actor_15\03-01-03-01-01-01-15.wav,happy,Actor_15
../dataset\Actor_15\03-01-03-01-01-02-15.wav,happy,Actor_15
../dataset\Actor_15\03-01-03-01-02-01-15.wav,happy,Actor_15
../dataset\Actor_15\03-01-03-01-02-02-15.wav,happy,Actor_15
../dataset\Actor_15\03-01-03-02-01-01-15.wav,happy,Actor_15
../dataset\Actor_15\03-01-03-02-01-02-15.wav,happy,Actor_15
../dataset\Actor_15\03-01-03-02-02-01-15.wav,happy,Actor_15
../dataset\Actor_15\03-01-03-02-02-02-15.wav,happy,Actor_15
../dataset\Actor_15\03-01-04-01-01-01-15.wav,sad,Actor_15
../dataset\Actor_15\03-01-04-01-01-02-15.wav,sad,Actor_15
../dataset\Actor_15\03-01-04-01-02-01-15.wav,sad,Actor_15
../dataset\Actor_15\03-01-04-01-02-02-15.wav,sad,Actor_15
../dataset\Actor_15\03-01-04-02-01-01-15.wav,sad,Actor_15
../dataset\Actor_15\03-01-04-02-01-02-15.wav,sad,Actor_15
../dataset\Actor_15\03-01-04-02-02-01-15.wav,sad,Actor_15
../dataset\Actor_15\03-01-04-02-02-02-15.wav,sad,Actor_15
../dataset\Actor_15\03-01-05-01-01-01-15.wav,angry,Actor_15
../dataset\Actor_15\03-01-05-01-01-02-15.wav,angry,Actor_15
../dataset\Actor_15\03-01-05-01-02-01-15.wav,angry,Actor_15
../dataset\Actor_15\03-01-05-01-02-02-15.wav,angry,Actor_15
../dataset\Actor_15\03-01-05-02-01-01-15.wav,angry,Actor_15
../dataset\Actor_15\03-01-05-02-01-02-15.wav,angry,Actor_15
../dataset\Actor_15\03-01-05-02-02-01-15.wav,angry,Actor_15
../dataset\Actor_15\03-01-05-02-02-02-15.wav,angry,Actor_15
../dataset\Actor_15\03-01-06-01-01-01-15.wav,fearful,Actor_15
../dataset\Actor_15\03-01-06-01-01-02-15.wav,fearful,Actor_15
../dataset\Actor_15\03-01-06-01-02-01-15.wav,fearful,Actor_15
../dataset\Actor_15\03-01-06-01-02-02-15.wav,fearful,Actor_15
../dataset\Actor_15\03-01-06-02-01-01-15.wav,fearful,Actor_15
../dataset\Actor_15\03-01-06-02-01-02-15.wav,fearful,Actor_15
../dataset\Actor_15\03-01-06-02-02-01-15.wav,fearful,Actor_15
../dataset\Actor_15\03-01-06-02-02-02-15.wav,fearful,Actor_15
../dataset\Actor_15\03-01-07-01-01-01-15.wav,disgust,Actor_15
../dataset\Actor_15\03-01-07-01-01-02-15.wav,disgust,Actor_15
../dataset\Actor_15\03-01-07-01-02-01-15.wav,disgust,Actor_15
../dataset\Actor_15\03-01-07-01-02-02-15.wav,disgust,Actor_15
../dataset\Actor_15\03-01-07-02-01-01-15.wav,disgust,Actor_15
../dataset\Actor_15\03-01-07-02-01-02-15.wav,disgust,Actor_15
../dataset\Actor_15\03-01-07-02-02-01-15.wav,disgust,Actor_15
../dataset\Actor_15\03-01-07-02-02-02-15.wav,disgust,Actor_15
../dataset\Actor_15\03-01-08-01-01-01-15.wav,surprised,Actor_15
../dataset\Actor_15\03-01-08-01-01-02-15.wav,surprised,Actor_15
../dataset\Actor_15\03-01-08-01-02-01-15.wav,surprised,Actor_15
../dataset\Actor_15\03-01-08-01-02-02-15.wav,surprised,Actor_15
../dataset\Actor_15\03-01-08-02-01-01-15.wav,surprised,Actor_15
../dataset\Actor_15\03-01-08-02-01-02-15.wav,surprised,Actor_15
../dataset\Actor_15\03-01-08-02-02-01-15.wav,surprised,Actor_15
../dataset\Actor_15\03-01-08-02-02-02-15.wav,surprised,Actor_15
../dataset\Actor_16\03-01-01-01-01-01-16.wav,neutral,Actor_16
../dataset\Actor_16\03-01-01-01-01-02-16.wav,neutral,Actor_16
../dataset\Actor_16\03-01-01-01-02-01-16.wav,neutral,Actor_16
../dataset\Actor_16\03-01-01-01-02-02-16.wav,neutral,Actor_16
../dataset\Actor_16\03-01-02-01-01-01-16.wav,calm,Actor_16
../dataset\Actor_16\03-01-02-01-01-02-16.wav,calm,Actor_16
../dataset\Actor_16\03-01-02-01-02-01-16.wav,calm,Actor_16
../dataset\Actor_16\03-01-02-01-02-02-16.wav,calm,Actor_16
../dataset\Actor_16\03-01-02-02-01-01-16.wav,calm,Actor_16
../dataset\Actor_16\03-01-02-02-01-02-16.wav,calm,Actor_16
../dataset\Actor_16\03-01-02-02-02-01-16.wav,calm,Actor_16
../dataset\Actor_16\03-01-02-02-02-02-16.wav,calm,Actor_16
../dataset\Actor_16\03-01-03-01-01-01-16.wav,happy,Actor_16
../dataset\Actor_16\03-01-03-01-01-02-16.wav,happy,Actor_16
../dataset\Actor_16\03-01-03-01-02-01-16.wav,happy,Actor_16
../dataset\Actor_16\03-01-03-01-02-02-16.wav,happy,Actor_16
../dataset\Actor_16\03-01-03-02-01-01-16.wav,happy,Actor_16
../dataset\Actor_16\03-01-03-02-01-02-16.wav,happy,Actor_16
../dataset\Actor_16\03-01-03-02-02-01-16.wav,happy,Actor_16
../dataset\Actor_16\03-01-03-02-02-02-16.wav,happy,Actor_16
../dataset\Actor_16\03-01-04-01-01-01-16.wav,sad,Actor_16
../dataset\Actor_16\03-01-04-01-01-02-16.wav,sad,Actor_16
../dataset\Actor_16\03-01-04-01-02-01-16.wav,sad,Actor_16
../dataset\Actor_16\03-01-04-01-02-02-16.wav,sad,Actor_16
../dataset\Actor_16\03-01-04-02-01-01-16.wav,sad,Actor_16
../dataset\Actor_16\03-01-04-02-01-02-16.wav,sad,Actor_16
../dataset\Actor_16\03-01-04-02-02-01-16.wav,sad,Actor_16
../dataset\Actor_16\03-01-04-02-02-02-16.wav,sad,Actor_16
../dataset\Actor_16\03-01-05-01-01-01-16.wav,angry,Actor_16
../dataset\Actor_16\03-01-05-01-01-02-16.wav,angry,Actor_16
../dataset\Actor_16\03-01-05-01-02-01-16.wav,angry,Actor_16
../dataset\Actor_16\03-01-05-01-02-02-16.wav,angry,Actor_16
../dataset\Actor_16\03-01-05-02-01-01-16.wav,angry,Actor_16
../dataset\Actor_16\03-01-05-02-01-02-16.wav,angry,Actor_16
../dataset\Actor_16\03-01-05-02-02-01-16.wav,angry,Actor_16
../dataset\Actor_16\03-01-05-02-02-02-16.wav,angry,Actor_16
../dataset\Actor_16\03-01-06-01-01-01-16.wav,fearful,Actor_16
../dataset\Actor_16\03-01-06-01-01-02-16.wav,fearful,Actor_16
../dataset\Actor_16\03-01-06-01-02-01-16.wav,fearful,Actor_16
../dataset\Actor_16\03-01-06-01-02-02-16.wav,fearful,Actor_16
../dataset\Actor_16\03-01-06-02-01-01-16.wav,fearful,Actor_16
../dataset\Actor_16\03-01-06-02-01-02-16.wav,fearful,Actor_16
../dataset\Actor_16\03-01-06-02-02-01-16.wav,fearful,Actor_16
../dataset\Actor_16\03-01-06-02-02-02-16.wav,fearful,Actor_16
../dataset\Actor_16\03-01-07-01-01-01-16.wav,disgust,Actor_16
../dataset\Actor_16\03-01-07-01-01-02-16.wav,disgust,Actor_16
../dataset\Actor_16\03-01-07-01-02-01-16.wav,disgust,Actor_16
../dataset\Actor_16\03-01-07-01-02-02-16.wav,disgust,Actor_16
../dataset\Actor_16\03-01-07-02-01-01-16.wav,disgust,Actor_16
../dataset\Actor_16\03-01-07-02-01-02-16.wav,disgust,Actor_16
../dataset\Actor_16\03-01-07-02-02-01-16.wav,disgust,Actor_16
../dataset\Actor_16\03-01-07-02-02-02-16.wav,disgust,Actor_16
../dataset\Actor_16\03-01-08-01-01-01-16.wav,surprised,Actor_16
../dataset\Actor_16\03-01-08-01-01-02-16.wav,surprised,Actor_16
../dataset\Actor_16\03-01-08-01-02-01-16.wav,surprised,Actor_16
../dataset\Actor_16\03-01-08-01-02-02-16.wav,surprised,Actor_16
../dataset\Actor_16\03-01-08-02-01-01-16.wav,surprised,Actor_16
../dataset\Actor_16\03-01-08-02-01-02-16.wav,surprised,Actor_16
../dataset\Actor_16\03-01-08-02-02-01-16.wav,surprised,Actor_16
../dataset\Actor_16\03-01-08-02-02-02-16.wav,surprised,Actor_16
../dataset\Actor_17\03-01-01-01-01-01-17.wav,neutral,Actor_17
../dataset\Actor_17\03-01-01-01-01-02-17.wav,neutral,Actor_17
../dataset\Actor_17\03-01-01-01-02-01-17.wav,neutral,Actor_17
../dataset\Actor_17\03-01-01-01-02-02-17.wav,neutral,Actor_17
../dataset\Actor_17\03-01-02-01-01-01-17.wav,calm,Actor_17
../dataset\Actor_17\03-01-02-01-01-02-17.wav,calm,Actor_17
../dataset\Actor_17\03-01-02-01-02-01-17.wav,calm,Actor_17
../dataset\Actor_17\03-01-02-01-02-02-17.wav,calm,Actor_17
../dataset\Actor_17\03-01-02-02-01-01-17.wav,calm,Actor_17
../dataset\Actor_17\03-01-02-02-01-02-17.wav,calm,Actor_17
../dataset\Actor_17\03-01-02-02-02-01-17.wav,calm,Actor_17
../dataset\Actor_17\03-01-02-02-02-02-17.wav,calm,Actor_17
../dataset\Actor_17\03-01-03-01-01-01-17.wav,happy,Actor_17
../dataset\Actor_17\03-01-03-01-01-02-17.wav,happy,Actor_17
../dataset\Actor_17\03-01-03-01-02-01-17.wav,happy,Actor_17
../dataset\Actor_17\03-01-03-01-02-02-17.wav,happy,Actor_17
../dataset\Actor_17\03-01-03-02-01-01-17.wav,happy,Actor_17
../dataset\Actor_17\03-01-03-02-01-02-17.wav,happy,Actor_17
../dataset\Actor_17\03-01-03-02-02-01-17.wav,happy,Actor_17
../dataset\Actor_17\03-01-03-02-02-02-17.wav,happy,Actor_17
../dataset\Actor_17\03-01-04-01-01-01-17.wav,sad,Actor_17
../dataset\Actor_17\03-01-04-01-01-02-17.wav,sad,Actor_17
../dataset\Actor_17\03-01-04-01-02-01-17.wav,sad,Actor_17
../dataset\Actor_17\03-01-04-01-02-02-17.wav,sad,Actor_17
../dataset\Actor_17\03-01-04-02-01-01-17.wav,sad,Actor_17
../dataset\Actor_17\03-01-04-02-01-02-17.wav,sad,Actor_17
../dataset\Actor_17\03-01-04-02-02-01-17.wav,sad,Actor_17
../dataset\Actor_17\03-01-04-02-02-02-17.wav,sad,Actor_17
../dataset\Actor_17\03-01-05-01-01-01-17.wav,angry,Actor_17
../dataset\Actor_17\03-01-05-01-01-02-17.wav,angry,Actor_17
../dataset\Actor_17\03-01-05-01-02-01-17.wav,angry,Actor_17
../dataset\Actor_17\03-01-05-01-02-02-17.wav,angry,Actor_17
../dataset\Actor_17\03-01-05-02-01-01-17.wav,angry,Actor_17
../dataset\Actor_17\03-01-05-02-01-02-17.wav,angry,Actor_17
../dataset\Actor_17\03-01-05-02-02-01-17.wav,angry,Actor_17
../dataset\Actor_17\03-01-05-02-02-02-17.wav,angry,Actor_17
../dataset\Actor_17\03-01-06-01-01-01-17.wav,fearful,Actor_17
../dataset\Actor_17\03-01-06-01-01-02-17.wav,fearful,Actor_17
../dataset\Actor_17\03-01-06-01-02-01-17.wav,fearful,Actor_17
../dataset\Actor_17\03-01-06-01-02-02-17.wav,fearful,Actor_17
../dataset\Actor_17\03-01-06-02-01-01-17.wav,fearful,Actor_17
../dataset\Actor_17\03-01-06-02-01-02-17.wav,fearful,Actor_17
../dataset\Actor_17\03-01-06-02-02-01-17.wav,fearful,Actor_17
../dataset\Actor_17\03-01-06-02-02-02-17.wav,fearful,Actor_17
../dataset\Actor_17\03-01-07-01-01-01-17.wav,disgust,Actor_17
../dataset\Actor_17\03-01-07-01-01-02-17.wav,disgust,Actor_17
../dataset\Actor_17\03-01-07-01-02-01-17.wav,disgust,Actor_17
../dataset\Actor_17\03-01-07-01-02-02-17.wav,disgust,Actor_17
../dataset\Actor_17\03-01-07-02-01-01-17.wav,disgust,Actor_17
../dataset\Actor_17\03-01-07-02-01-02-17.wav,disgust,Actor_17
../dataset\Actor_17\03-01-07-02-02-01-17.wav,disgust,Actor_17
../dataset\Actor_17\03-01-07-02-02-02-17.wav,disgust,Actor_17
../dataset\Actor_17\03-01-08-01-01-01-17.wav,surprised,Actor_17
../dataset\Actor_17\03-01-08-01-01-02-17.wav,surprised,Actor_17
../dataset\Actor_17\03-01-08-01-02-01-17.wav,surprised,Actor_17
../dataset\Actor_17\03-01-08-01-02-02-17.wav,surprised,Actor_17
../dataset\Actor_17\03-01-08-02-01-01-17.wav,surprised,Actor_17
../dataset\Actor_17\03-01-08-02-01-02-17.wav,surprised,Actor_17
../dataset\Actor_17\03-01-08-02-02-01-17.wav,surprised,Actor_17
../dataset\Actor_17\03-01-08-02-02-02-17.wav,surprised,Actor_17
../dataset\Actor_18\03-01-01-01-01-01-18.wav,neutral,Actor_18
../dataset\Actor_18\03-01-01-01-01-02-18.wav,neutral,Actor_18
../dataset\Actor_18\03-01-01-01-02-01-18.wav,neutral,Actor_18
../dataset\Actor_18\03-01-01-01-02-02-18.wav,neutral,Actor_18
../dataset\Actor_18\03-01-02-01-01-01-18.wav,calm,Actor_18
../dataset\Actor_18\03-01-02-01-01-02-18.wav,calm,Actor_18
../dataset\Actor_18\03-01-02-01-02-01-18.wav,calm,Actor_18
../dataset\Actor_18\03-01-02-01-02-02-18.wav,calm,Actor_18
../dataset\Actor_18\03-01-02-02-01-01-18.wav,calm,Actor_18
../dataset\Actor_18\03-01-02-02-01-02-18.wav,calm,Actor_18
../dataset\Actor_18\03-01-02-02-02-01-18.wav,calm,Actor_18
../dataset\Actor_18\03-01-02-02-02-02-18.wav,calm,Actor_18
../dataset\Actor_18\03-01-03-01-01-01-18.wav,happy,Actor_18
../dataset\Actor_18\03-01-03-01-01-02-18.wav,happy,Actor_18
../dataset\Actor_18\03-01-03-01-02-01-18.wav,happy,Actor_18
../dataset\Actor_18\03-01-03-01-02-02-18.wav,happy,Actor_18
../dataset\Actor_18\03-01-03-02-01-01-18.wav,happy,Actor_18
../dataset\Actor_18\03-01-03-02-01-02-18.wav,happy,Actor_18
../dataset\Actor_18\03-01-03-02-02-01-18.wav,happy,Actor_18
../dataset\Actor_18\03-01-03-02-02-02-18.wav,happy,Actor_18
../dataset\Actor_18\03-01-04-01-01-01-18.wav,sad,Actor_18
../dataset\Actor_18\03-01-04-01-01-02-18.wav,sad,Actor_18
../dataset\Actor_18\03-01-04-01-02-01-18.wav,sad,Actor_18
../dataset\Actor_18\03-01-04-01-02-02-18.wav,sad,Actor_18
../dataset\Actor_18\03-01-04-02-01-01-18.wav,sad,Actor_18
../dataset\Actor_18\03-01-04-02-01-02-18.wav,sad,Actor_18
../dataset\Actor_18\03-01-04-02-02-01-18.wav,sad,Actor_18
../dataset\Actor_18\03-01-04-02-02-02-18.wav,sad,Actor_18
../dataset\Actor_18\03-01-05-01-01-01-18.wav,angry,Actor_18
../dataset\Actor_18\03-01-05-01-01-02-18.wav,angry,Actor_18
../dataset\Actor_18\03-01-05-01-02-01-18.wav,angry,Actor_18
../dataset\Actor_18\03-01-05-01-02-02-18.wav,angry,Actor_18
../dataset\Actor_18\03-01-05-02-01-01-18.wav,angry,Actor_18
../dataset\Actor_18\03-01-05-02-01-02-18.wav,angry,Actor_18
../dataset\Actor_18\03-01-05-02-02-01-18.wav,angry,Actor_18
../dataset\Actor_18\03-01-05-02-02-02-18.wav,angry,Actor_18
../dataset\Actor_18\03-01-06-01-01-01-18.wav,fearful,Actor_18
../dataset\Actor_18\03-01-06-01-01-02-18.wav,fearful,Actor_18
../dataset\Actor_18\03-01-06-01-02-01-18.wav,fearful,Actor_18
../dataset\Actor_18\03-01-06-01-02-02-18.wav,fearful,Actor_18
../dataset\Actor_18\03-01-06-02-01-01-18.wav,fearful,Actor_18
../dataset\Actor_18\03-01-06-02-01-02-18.wav,fearful,Actor_18
../dataset\Actor_18\03-01-06-02-02-01-18.wav,fearful,Actor_18
../dataset\Actor_18\03-01-06-02-02-02-18.wav,fearful,Actor_18
../dataset\Actor_18\03-01-07-01-01-01-18.wav,disgust,Actor_18
../dataset\Actor_18\03-01-07-01-01-02-18.wav,disgust,Actor_18
../dataset\Actor_18\03-01-07-01-02-01-18.wav,disgust,Actor_18
../dataset\Actor_18\03-01-07-01-02-02-18.wav,disgust,Actor_18
../dataset\Actor_18\03-01-07-02-01-01-18.wav,disgust,Actor_18
../dataset\Actor_18\03-01-07-02-01-02-18.wav,disgust,Actor_18
../dataset\Actor_18\03-01-07-02-02-01-18.wav,disgust,Actor_18
../dataset\Actor_18\03-01-07-02-02-02-18.wav,disgust,Actor_18
../dataset\Actor_18\03-01-08-01-01-01-18.wav,surprised,Actor_18
../dataset\Actor_18\03-01-08-01-01-02-18.wav,surprised,Actor_18
../dataset\Actor_18\03-01-08-01-02-01-18.wav,surprised,Actor_18
../dataset\Actor_18\03-01-08-01-02-02-18.wav,surprised,Actor_18
../dataset\Actor_18\03-01-08-02-01-01-18.wav,surprised,Actor_18
../dataset\Actor_18\03-01-08-02-01-02-18.wav,surprised,Actor_18
../dataset\Actor_18\03-01-08-02-02-01-18.wav,surprised,Actor_18
../dataset\Actor_18\03-01-08-02-02-02-18.wav,surprised,Actor_18
../dataset\Actor_19\03-01-01-01-01-01-19.wav,neutral,Actor_19
../dataset\Actor_19\03-01-01-01-01-02-19.wav,neutral,Actor_19
../dataset\Actor_19\03-01-01-01-02-01-19.wav,neutral,Actor_19
../dataset\Actor_19\03-01-01-01-02-02-19.wav,neutral,Actor_19
../dataset\Actor_19\03-01-02-01-01-01-19.wav,calm,Actor_19
../dataset\Actor_19\03-01-02-01-01-02-19.wav,calm,Actor_19
../dataset\Actor_19\03-01-02-01-02-01-19.wav,calm,Actor_19
../dataset\Actor_19\03-01-02-01-02-02-19.wav,calm,Actor_19
../dataset\Actor_19\03-01-02-02-01-01-19.wav,calm,Actor_19
../dataset\Actor_19\03-01-02-02-01-02-19.wav,calm,Actor_19
../dataset\Actor_19\03-01-02-02-02-01-19.wav,calm,Actor_19
../dataset\Actor_19\03-01-02-02-02-02-19.wav,calm,Actor_19
../dataset\Actor_19\03-01-03-01-01-01-19.wav,happy,Actor_19
../dataset\Actor_19\03-01-03-01-01-02-19.wav,happy,Actor_19
../dataset\Actor_19\03-01-03-01-02-01-19.wav,happy,Actor_19
../dataset\Actor_19\03-01-03-01-02-02-19.wav,happy,Actor_19
../dataset\Actor_19\03-01-03-02-01-01-19.wav,happy,Actor_19
../dataset\Actor_19\03-01-03-02-01-02-19.wav,happy,Actor_19
../dataset\Actor_19\03-01-03-02-02-01-19.wav,happy,Actor_19
../dataset\Actor_19\03-01-03-02-02-02-19.wav,happy,Actor_19
../dataset\Actor_19\03-01-04-01-01-01-19.wav,sad,Actor_19
../dataset\Actor_19\03-01-04-01-01-02-19.wav,sad,Actor_19
../dataset\Actor_19\03-01-04-01-02-01-19.wav,sad,Actor_19
../dataset\Actor_19\03-01-04-01-02-02-19.wav,sad,Actor_19
../dataset\Actor_19\03-01-04-02-01-01-19.wav,sad,Actor_19
../dataset\Actor_19\03-01-04-02-01-02-19.wav,sad,Actor_19
../dataset\Actor_19\03-01-04-02-02-01-19.wav,sad,Actor_19
../dataset\Actor_19\03-01-04-02-02-02-19.wav,sad,Actor_19
../dataset\Actor_19\03-01-05-01-01-01-19.wav,angry,Actor_19
../dataset\Actor_19\03-01-05-01-01-02-19.wav,angry,Actor_19
../dataset\Actor_19\03-01-05-01-02-01-19.wav,angry,Actor_19
../dataset\Actor_19\03-01-05-01-02-02-19.wav,angry,Actor_19
../dataset\Actor_19\03-01-05-02-01-01-19.wav,angry,Actor_19
../dataset\Actor_19\03-01-05-02-01-02-19.wav,angry,Actor_19
../dataset\Actor_19\03-01-05-02-02-01-19.wav,angry,Actor_19
../dataset\Actor_19\03-01-05-02-02-02-19.wav,angry,Actor_19
../dataset\Actor_19\03-01-06-01-01-01-19.wav,fearful,Actor_19
../dataset\Actor_19\03-01-06-01-01-02-19.wav,fearful,Actor_19
../dataset\Actor_19\03-01-06-01-02-01-19.wav,fearful,Actor_19
../dataset\Actor_19\03-01-06-01-02-02-19.wav,fearful,Actor_19
../dataset\Actor_19\03-01-06-02-01-01-19.wav,fearful,Actor_19
../dataset\Actor_19\03-01-06-02-01-02-19.wav,fearful,Actor_19
../dataset\Actor_19\03-01-06-02-02-01-19.wav,fearful,Actor_19
../dataset\Actor_19\03-01-06-02-02-02-19.wav,fearful,Actor_19
../dataset\Actor_19\03-01-07-01-01-01-19.wav,disgust,Actor_19
../dataset\Actor_19\03-01-07-01-01-02-19.wav,disgust,Actor_19
../dataset\Actor_19\03-01-07-01-02-01-19.wav,disgust,Actor_19
../dataset\Actor_19\03-01-07-01-02-02-19.wav,disgust,Actor_19
../dataset\Actor_19\03-01-07-02-01-01-19.wav,disgust,Actor_19
../dataset\Actor_19\03-01-07-02-01-02-19.wav,disgust,Actor_19
../dataset\Actor_19\03-01-07-02-02-01-19.wav,disgust,Actor_19
../dataset\Actor_19\03-01-07-02-02-02-19.wav,disgust,Actor_19
../dataset\Actor_19\03-01-08-01-01-01-19.wav,surprised,Actor_19
../dataset\Actor_19\03-01-08-01-01-02-19.wav,surprised,Actor_19
../dataset\Actor_19\03-01-08-01-02-01-19.wav,surprised,Actor_19
../dataset\Actor_19\03-01-08-01-02-02-19.wav,surprised,Actor_19
../dataset\Actor_19\03-01-08-02-01-01-19.wav,surprised,Actor_19
../dataset\Actor_19\03-01-08-02-01-02-19.wav,surprised,Actor_19
../dataset\Actor_19\03-01-08-02-02-01-19.wav,surprised,Actor_19
../dataset\Actor_19\03-01-08-02-02-02-19.wav,surprised,Actor_19
../dataset\Actor_20\03-01-01-01-01-01-20.wav,neutral,Actor_20
../dataset\Actor_20\03-01-01-01-01-02-20.wav,neutral,Actor_20
../dataset\Actor_20\03-01-01-01-02-01-20.wav,neutral,Actor_20
../dataset\Actor_20\03-01-01-01-02-02-20.wav,neutral,Actor_20
../dataset\Actor_20\03-01-02-01-01-01-20.wav,calm,Actor_20
../dataset\Actor_20\03-01-02-01-01-02-20.wav,calm,Actor_20
../dataset\Actor_20\03-01-02-01-02-01-20.wav,calm,Actor_20
../dataset\Actor_20\03-01-02-01-02-02-20.wav,calm,Actor_20
../dataset\Actor_20\03-01-02-02-01-01-20.wav,calm,Actor_20
../dataset\Actor_20\03-01-02-02-01-02-20.wav,calm,Actor_20
../dataset\Actor_20\03-01-02-02-02-01-20.wav,calm,Actor_20
../dataset\Actor_20\03-01-02-02-02-02-20.wav,calm,Actor_20
../dataset\Actor_20\03-01-03-01-01-01-20.wav,happy,Actor_20
../dataset\Actor_20\03-01-03-01-01-02-20.wav,happy,Actor_20
../dataset\Actor_20\03-01-03-01-02-01-20.wav,happy,Actor_20
../dataset\Actor_20\03-01-03-01-02-02-20.wav,happy,Actor_20
../dataset\Actor_20\03-01-03-02-01-01-20.wav,happy,Actor_20
../dataset\Actor_20\03-01-03-02-01-02-20.wav,happy,Actor_20
../dataset\Actor_20\03-01-03-02-02-01-20.wav,happy,Actor_20
../dataset\Actor_20\03-01-03-02-02-02-20.wav,happy,Actor_20
../dataset\Actor_20\03-01-04-01-01-01-20.wav,sad,Actor_20
../dataset\Actor_20\03-01-04-01-01-02-20.wav,sad,Actor_20
../dataset\Actor_20\03-01-04-01-02-01-20.wav,sad,Actor_20
../dataset\Actor_20\03-01-04-01-02-02-20.wav,sad,Actor_20
../dataset\Actor_20\03-01-04-02-01-01-20.wav,sad,Actor_20
../dataset\Actor_20\03-01-04-02-01-02-20.wav,sad,Actor_20
../dataset\Actor_20\03-01-04-02-02-01-20.wav,sad,Actor_20
../dataset\Actor_20\03-01-04-02-02-02-20.wav,sad,Actor_20
../dataset\Actor_20\03-01-05-01-01-01-20.wav,angry,Actor_20
../dataset\Actor_20\03-01-05-01-01-02-20.wav,angry,Actor_20
../dataset\Actor_20\03-01-05-01-02-01-20.wav,angry,Actor_20
../dataset\Actor_20\03-01-05-01-02-02-20.wav,angry,Actor_20
../dataset\Actor_20\03-01-05-02-01-01-20.wav,angry,Actor_20
../dataset\Actor_20\03-01-05-02-01-02-20.wav,angry,Actor_20
../dataset\Actor_20\03-01-05-02-02-01-20.wav,angry,Actor_20
../dataset\Actor_20\03-01-05-02-02-02-20.wav,angry,Actor_20
../dataset\Actor_20\03-01-06-01-01-01-20.wav,fearful,Actor_20
../dataset\Actor_20\03-01-06-01-01-02-20.wav,fearful,Actor_20
../dataset\Actor_20\03-01-06-01-02-01-20.wav,fearful,Actor_20
../dataset\Actor_20\03-01-06-01-02-02-20.wav,fearful,Actor_20
../dataset\Actor_20\03-01-06-02-01-01-20.wav,fearful,Actor_20
../dataset\Actor_20\03-01-06-02-01-02-20.wav,fearful,Actor_20
../dataset\Actor_20\03-01-06-02-02-01-20.wav,fearful,Actor_20
../dataset\Actor_20\03-01-06-02-02-02-20.wav,fearful,Actor_20
../dataset\Actor_20\03-01-07-01-01-01-20.wav,disgust,Actor_20
../dataset\Actor_20\03-01-07-01-01-02-20.wav,disgust,Actor_20
../dataset\Actor_20\03-01-07-01-02-01-20.wav,disgust,Actor_20
../dataset\Actor_20\03-01-07-01-02-02-20.wav,disgust,Actor_20
../dataset\Actor_20\03-01-07-02-01-01-20.wav,disgust,Actor_20
../dataset\Actor_20\03-01-07-02-01-02-20.wav,disgust,Actor_20
../dataset\Actor_20\03-01-07-02-02-01-20.wav,disgust,Actor_20
../dataset\Actor_20\03-01-07-02-02-02-20.wav,disgust,Actor_20
../dataset\Actor_20\03-01-08-01-01-01-20.wav,surprised,Actor_20
../dataset\Actor_20\03-01-08-01-01-02-20.wav,surprised,Actor_20
../dataset\Actor_20\03-01-08-01-02-01-20.wav,surprised,Actor_20
../dataset\Actor_20\03-01-08-01-02-02-20.wav,surprised,Actor_20
../dataset\Actor_20\03-01-08-02-01-01-20.wav,surprised,Actor_20
../dataset\Actor_20\03-01-08-02-01-02-20.wav,surprised,Actor_20
../dataset\Actor_20\03-01-08-02-02-01-20.wav,surprised,Actor_20
../dataset\Actor_20\03-01-08-02-02-02-20.wav,surprised,Actor_20
../dataset\Actor_21\03-01-01-01-01-01-21.wav,neutral,Actor_21
../dataset\Actor_21\03-01-01-01-01-02-21.wav,neutral,Actor_21
../dataset\Actor_21\03-01-01-01-02-01-21.wav,neutral,Actor_21
../dataset\Actor_21\03-01-01-01-02-02-21.wav,neutral,Actor_21
../dataset\Actor_21\03-01-02-01-01-01-21.wav,calm,Actor_21
../dataset\Actor_21\03-01-02-01-01-02-21.wav,calm,Actor_21
../dataset\Actor_21\03-01-02-01-02-01-21.wav,calm,Actor_21
../dataset\Actor_21\03-01-02-01-02-02-21.wav,calm,Actor_21
../dataset\Actor_21\03-01-02-02-01-01-21.wav,calm,Actor_21
../dataset\Actor_21\03-01-02-02-01-02-21.wav,calm,Actor_21
../dataset\Actor_21\03-01-02-02-02-01-21.wav,calm,Actor_21
../dataset\Actor_21\03-01-02-02-02-02-21.wav,calm,Actor_21
../dataset\Actor_21\03-01-03-01-01-01-21.wav,happy,Actor_21
../dataset\Actor_21\03-01-03-01-01-02-21.wav,happy,Actor_21
../dataset\Actor_21\03-01-03-01-02-01-21.wav,happy,Actor_21
../dataset\Actor_21\03-01-03-01-02-02-21.wav,happy,Actor_21
../dataset\Actor_21\03-01-03-02-01-01-21.wav,happy,Actor_21
../dataset\Actor_21\03-01-03-02-01-02-21.wav,happy,Actor_21
../dataset\Actor_21\03-01-03-02-02-01-21.wav,happy,Actor_21
../dataset\Actor_21\03-01-03-02-02-02-21.wav,happy,Actor_21
../dataset\Actor_21\03-01-04-01-01-01-21.wav,sad,Actor_21
../dataset\Actor_21\03-01-04-01-01-02-21.wav,sad,Actor_21
../dataset\Actor_21\03-01-04-01-02-01-21.wav,sad,Actor_21
../dataset\Actor_21\03-01-04-01-02-02-21.wav,sad,Actor_21
../dataset\Actor_21\03-01-04-02-01-01-21.wav,sad,Actor_21
../dataset\Actor_21\03-01-04-02-01-02-21.wav,sad,Actor_21
../dataset\Actor_21\03-01-04-02-02-01-21.wav,sad,Actor_21
../dataset\Actor_21\03-01-04-02-02-02-21.wav,sad,Actor_21
../dataset\Actor_21\03-01-05-01-01-01-21.wav,angry,Actor_21
../dataset\Actor_21\03-01-05-01-01-02-21.wav,angry,Actor_21
../dataset\Actor_21\03-01-05-01-02-01-21.wav,angry,Actor_21
../dataset\Actor_21\03-01-05-01-02-02-21.wav,angry,Actor_21
../dataset\Actor_21\03-01-05-02-01-01-21.wav,angry,Actor_21
../dataset\Actor_21\03-01-05-02-01-02-21.wav,angry,Actor_21
../dataset\Actor_21\03-01-05-02-02-01-21.wav,angry,Actor_21
../dataset\Actor_21\03-01-05-02-02-02-21.wav,angry,Actor_21
../dataset\Actor_21\03-01-06-01-01-01-21.wav,fearful,Actor_21
../dataset\Actor_21\03-01-06-01-01-02-21.wav,fearful,Actor_21
../dataset\Actor_21\03-01-06-01-02-01-21.wav,fearful,Actor_21
../dataset\Actor_21\03-01-06-01-02-02-21.wav,fearful,Actor_21
../dataset\Actor_21\03-01-06-02-01-01-21.wav,fearful,Actor_21
../dataset\Actor_21\03-01-06-02-01-02-21.wav,fearful,Actor_21
../dataset\Actor_21\03-01-06-02-02-01-21.wav,fearful,Actor_21
../dataset\Actor_21\03-01-06-02-02-02-21.wav,fearful,Actor_21
../dataset\Actor_21\03-01-07-01-01-01-21.wav,disgust,Actor_21
../dataset\Actor_21\03-01-07-01-01-02-21.wav,disgust,Actor_21
../dataset\Actor_21\03-01-07-01-02-01-21.wav,disgust,Actor_21
../dataset\Actor_21\03-01-07-01-02-02-21.wav,disgust,Actor_21
../dataset\Actor_21\03-01-07-02-01-01-21.wav,disgust,Actor_21
../dataset\Actor_21\03-01-07-02-01-02-21.wav,disgust,Actor_21
../dataset\Actor_21\03-01-07-02-02-01-21.wav,disgust,Actor_21
../dataset\Actor_21\03-01-07-02-02-02-21.wav,disgust,Actor_21
../dataset\Actor_21\03-01-08-01-01-01-21.wav,surprised,Actor_21
../dataset\Actor_21\03-01-08-01-01-02-21.wav,surprised,Actor_21
../dataset\Actor_21\03-01-08-01-02-01-21.wav,surprised,Actor_21
../dataset\Actor_21\03-01-08-01-02-02-21.wav,surprised,Actor_21
../dataset\Actor_21\03-01-08-02-01-01-21.wav,surprised,Actor_21
../dataset\Actor_21\03-01-08-02-01-02-21.wav,surprised,Actor_21
../dataset\Actor_21\03-01-08-02-02-01-21.wav,surprised,Actor_21
../dataset\Actor_21\03-01-08-02-02-02-21.wav,surprised,Actor_21
../dataset\Actor_22\03-01-01-01-01-01-22.wav,neutral,Actor_22
../dataset\Actor_22\03-01-01-01-01-02-22.wav,neutral,Actor_22
../dataset\Actor_22\03-01-01-01-02-01-22.wav,neutral,Actor_22
../dataset\Actor_22\03-01-01-01-02-02-22.wav,neutral,Actor_22
../dataset\Actor_22\03-01-02-01-01-01-22.wav,calm,Actor_22
../dataset\Actor_22\03-01-02-01-01-02-22.wav,calm,Actor_22
../dataset\Actor_22\03-01-02-01-02-01-22.wav,calm,Actor_22
../dataset\Actor_22\03-01-02-01-02-02-22.wav,calm,Actor_22
../dataset\Actor_22\03-01-02-02-01-01-22.wav,calm,Actor_22
../dataset\Actor_22\03-01-02-02-01-02-22.wav,calm,Actor_22
../dataset\Actor_22\03-01-02-02-02-01-22.wav,calm,Actor_22
../dataset\Actor_22\03-01-02-02-02-02-22.wav,calm,Actor_22
../dataset\Actor_22\03-01-03-01-01-01-22.wav,happy,Actor_22
../dataset\Actor_22\03-01-03-01-01-02-22.wav,happy,Actor_22
../dataset\Actor_22\03-01-03-01-02-01-22.wav,happy,Actor_22
../dataset\Actor_22\03-01-03-01-02-02-22.wav,happy,Actor_22
../dataset\Actor_22\03-01-03-02-01-01-22.wav,happy,Actor_22
../dataset\Actor_22\03-01-03-02-01-02-22.wav,happy,Actor_22
../dataset\Actor_22\03-01-03-02-02-01-22.wav,happy,Actor_22
../dataset\Actor_22\03-01-03-02-02-02-22.wav,happy,Actor_22
../dataset\Actor_22\03-01-04-01-01-01-22.wav,sad,Actor_22
../dataset\Actor_22\03-01-04-01-01-02-22.wav,sad,Actor_22
../dataset\Actor_22\03-01-04-01-02-01-22.wav,sad,Actor_22
../dataset\Actor_22\03-01-04-01-02-02-22.wav,sad,Actor_22
../dataset\Actor_22\03-01-04-02-01-01-22.wav,sad,Actor_22
../dataset\Actor_22\03-01-04-02-01-02-22.wav,sad,Actor_22
../dataset\Actor_22\03-01-04-02-02-01-22.wav,sad,Actor_22
../dataset\Actor_22\03-01-04-02-02-02-22.wav,sad,Actor_22
../dataset\Actor_22\03-01-05-01-01-01-22.wav,angry,Actor_22
../dataset\Actor_22\03-01-05-01-01-02-22.wav,angry,Actor_22
../dataset\Actor_22\03-01-05-01-02-01-22.wav,angry,Actor_22
../dataset\Actor_22\03-01-05-01-02-02-22.wav,angry,Actor_22
../dataset\Actor_22\03-01-05-02-01-01-22.wav,angry,Actor_22
../dataset\Actor_22\03-01-05-02-01-02-22.wav,angry,Actor_22
../dataset\Actor_22\03-01-05-02-02-01-22.wav,angry,Actor_22
../dataset\Actor_22\03-01-05-02-02-02-22.wav,angry,Actor_22
../dataset\Actor_22\03-01-06-01-01-01-22.wav,fearful,Actor_22
../dataset\Actor_22\03-01-06-01-01-02-22.wav,fearful,Actor_22
../dataset\Actor_22\03-01-06-01-02-01-22.wav,fearful,Actor_22
../dataset\Actor_22\03-01-06-01-02-02-22.wav,fearful,Actor_22
../dataset\Actor_22\03-01-06-02-01-01-22.wav,fearful,Actor_22
../dataset\Actor_22\03-01-06-02-01-02-22.wav,fearful,Actor_22
../dataset\Actor_22\03-01-06-02-02-01-22.wav,fearful,Actor_22
../dataset\Actor_22\03-01-06-02-02-02-22.wav,fearful,Actor_22
../dataset\Actor_22\03-01-07-01-01-01-22.wav,disgust,Actor_22
../dataset\Actor_22\03-01-07-01-01-02-22.wav,disgust,Actor_22
../dataset\Actor_22\03-01-07-01-02-01-22.wav,disgust,Actor_22
../dataset\Actor_22\03-01-07-01-02-02-22.wav,disgust,Actor_22
../dataset\Actor_22\03-01-07-02-01-01-22.wav,disgust,Actor_22
../dataset\Actor_22\03-01-07-02-01-02-22.wav,disgust,Actor_22
../dataset\Actor_22\03-01-07-02-02-01-22.wav,disgust,Actor_22
../dataset\Actor_22\03-01-07-02-02-02-22.wav,disgust,Actor_22
../dataset\Actor_22\03-01-08-01-01-01-22.wav,surprised,Actor_22
../dataset\Actor_22\03-01-08-01-01-02-22.wav,surprised,Actor_22
../dataset\Actor_22\03-01-08-01-02-01-22.wav,surprised,Actor_22
../dataset\Actor_22\03-01-08-01-02-02-22.wav,surprised,Actor_22
../dataset\Actor_22\03-01-08-02-01-01-22.wav,surprised,Actor_22
../dataset\Actor_22\03-01-08-02-01-02-22.wav,surprised,Actor_22
../dataset\Actor_22\03-01-08-02-02-01-22.wav,surprised,Actor_22
../dataset\Actor_22\03-01-08-02-02-02-22.wav,surprised,Actor_22
../dataset\Actor_23\03-01-01-01-01-01-23.wav,neutral,Actor_23
../dataset\Actor_23\03-01-01-01-01-02-23.wav,neutral,Actor_23
../dataset\Actor_23\03-01-01-01-02-01-23.wav,neutral,Actor_23
../dataset\Actor_23\03-01-01-01-02-02-23.wav,neutral,Actor_23
../dataset\Actor_23\03-01-02-01-01-01-23.wav,calm,Actor_23
../dataset\Actor_23\03-01-02-01-01-02-23.wav,calm,Actor_23
../dataset\Actor_23\03-01-02-01-02-01-23.wav,calm,Actor_23
../dataset\Actor_23\03-01-02-01-02-02-23.wav,calm,Actor_23
../dataset\Actor_23\03-01-02-02-01-01-23.wav,calm,Actor_23
../dataset\Actor_23\03-01-02-02-01-02-23.wav,calm,Actor_23
../dataset\Actor_23\03-01-02-02-02-01-23.wav,calm,Actor_23
../dataset\Actor_23\03-01-02-02-02-02-23.wav,calm,Actor_23
../dataset\Actor_23\03-01-03-01-01-01-23.wav,happy,Actor_23
../dataset\Actor_23\03-01-03-01-01-02-23.wav,happy,Actor_23
../dataset\Actor_23\03-01-03-01-02-01-23.wav,happy,Actor_23
../dataset\Actor_23\03-01-03-01-02-02-23.wav,happy,Actor_23
../dataset\Actor_23\03-01-03-02-01-01-23.wav,happy,Actor_23
../dataset\Actor_23\03-01-03-02-01-02-23.wav,happy,Actor_23
../dataset\Actor_23\03-01-03-02-02-01-23.wav,happy,Actor_23
../dataset\Actor_23\03-01-03-02-02-02-23.wav,happy,Actor_23
../dataset\Actor_23\03-01-04-01-01-01-23.wav,sad,Actor_23
../dataset\Actor_23\03-01-04-01-01-02-23.wav,sad,Actor_23
../dataset\Actor_23\03-01-04-01-02-01-23.wav,sad,Actor_23
../dataset\Actor_23\03-01-04-01-02-02-23.wav,sad,Actor_23
../dataset\Actor_23\03-01-04-02-01-01-23.wav,sad,Actor_23
../dataset\Actor_23\03-01-04-02-01-02-23.wav,sad,Actor_23
../dataset\Actor_23\03-01-04-02-02-01-23.wav,sad,Actor_23
../dataset\Actor_23\03-01-04-02-02-02-23.wav,sad,Actor_23
../dataset\Actor_23\03-01-05-01-01-01-23.wav,angry,Actor_23
../dataset\Actor_23\03-01-05-01-01-02-23.wav,angry,Actor_23
../dataset\Actor_23\03-01-05-01-02-01-23.wav,angry,Actor_23
../dataset\Actor_23\03-01-05-01-02-02-23.wav,angry,Actor_23
../dataset\Actor_23\03-01-05-02-01-01-23.wav,angry,Actor_23
../dataset\Actor_23\03-01-05-02-01-02-23.wav,angry,Actor_23
../dataset\Actor_23\03-01-05-02-02-01-23.wav,angry,Actor_23
../dataset\Actor_23\03-01-05-02-02-02-23.wav,angry,Actor_23
../dataset\Actor_23\03-01-06-01-01-01-23.wav,fearful,Actor_23
../dataset\Actor_23\03-01-06-01-01-02-23.wav,fearful,Actor_23
../dataset\Actor_23\03-01-06-01-02-01-23.wav,fearful,Actor_23
../dataset\Actor_23\03-01-06-01-02-02-23.wav,fearful,Actor_23
../dataset\Actor_23\03-01-06-02-01-01-23.wav,fearful,Actor_23
../dataset\Actor_23\03-01-06-02-01-02-23.wav,fearful,Actor_23
../dataset\Actor_23\03-01-06-02-02-01-23.wav,fearful,Actor_23
../dataset\Actor_23\03-01-06-02-02-02-23.wav,fearful,Actor_23
../dataset\Actor_23\03-01-07-01-01-01-23.wav,disgust,Actor_23
../dataset\Actor_23\03-01-07-01-01-02-23.wav,disgust,Actor_23
../dataset\Actor_23\03-01-07-01-02-01-23.wav,disgust,Actor_23
../dataset\Actor_23\03-01-07-01-02-02-23.wav,disgust,Actor_23
../dataset\Actor_23\03-01-07-02-01-01-23.wav,disgust,Actor_23
../dataset\Actor_23\03-01-07-02-01-02-23.wav,disgust,Actor_23
../dataset\Actor_23\03-01-07-02-02-01-23.wav,disgust,Actor_23
../dataset\Actor_23\03-01-07-02-02-02-23.wav,disgust,Actor_23
../dataset\Actor_23\03-01-08-01-01-01-23.wav,surprised,Actor_23
../dataset\Actor_23\03-01-08-01-01-02-23.wav,surprised,Actor_23
../dataset\Actor_23\03-01-08-01-02-01-23.wav,surprised,Actor_23
../dataset\Actor_23\03-01-08-01-02-02-23.wav,surprised,Actor_23
../dataset\Actor_23\03-01-08-02-01-01-23.wav,surprised,Actor_23
../dataset\Actor_23\03-01-08-02-01-02-23.wav,surprised,Actor_23
../dataset\Actor_23\03-01-08-02-02-01-23.wav,surprised,Actor_23
../dataset\Actor_23\03-01-08-02-02-02-23.wav,surprised,Actor_23
../dataset\Actor_24\03-01-01-01-01-01-24.wav,neutral,Actor_24
../dataset\Actor_24\03-01-01-01-01-02-24.wav,neutral,Actor_24
../dataset\Actor_24\03-01-01-01-02-01-24.wav,neutral,Actor_24
../dataset\Actor_24\03-01-01-01-02-02-24.wav,neutral,Actor_24
../dataset\Actor_24\03-01-02-01-01-01-24.wav,calm,Actor_24
../dataset\Actor_24\03-01-02-01-01-02-24.wav,calm,Actor_24
../dataset\Actor_24\03-01-02-01-02-01-24.wav,calm,Actor_24
../dataset\Actor_24\03-01-02-01-02-02-24.wav,calm,Actor_24
../dataset\Actor_24\03-01-02-02-01-01-24.wav,calm,Actor_24
../dataset\Actor_24\03-01-02-02-01-02-24.wav,calm,Actor_24
../dataset\Actor_24\03-01-02-02-02-01-24.wav,calm,Actor_24
../dataset\Actor_24\03-01-02-02-02-02-24.wav,calm,Actor_24
../dataset\Actor_24\03-01-03-01-01-01-24.wav,happy,Actor_24
../dataset\Actor_24\03-01-03-01-01-02-24.wav,happy,Actor_24
../dataset\Actor_24\03-01-03-01-02-01-24.wav,happy,Actor_24
../dataset\Actor_24\03-01-03-01-02-02-24.wav,happy,Actor_24
../dataset\Actor_24\03-01-03-02-01-01-24.wav,happy,Actor_24
../dataset\Actor_24\03-01-03-02-01-02-24.wav,happy,Actor_24
../dataset\Actor_24\03-01-03-02-02-01-24.wav,happy,Actor_24
../dataset\Actor_24\03-01-03-02-02-02-24.wav,happy,Actor_24
../dataset\Actor_24\03-01-04-01-01-01-24.wav,sad,Actor_24
../dataset\Actor_24\03-01-04-01-01-02-24.wav,sad,Actor_24
../dataset\Actor_24\03-01-04-01-02-01-24.wav,sad,Actor_24
../dataset\Actor_24\03-01-04-01-02-02-24.wav,sad,Actor_24
../dataset\Actor_24\03-01-04-02-01-01-24.wav,sad,Actor_24
../dataset\Actor_24\03-01-04-02-01-02-24.wav,sad,Actor_24
../dataset\Actor_24\03-01-04-02-02-01-24.wav,sad,Actor_24
../dataset\Actor_24\03-01-04-02-02-02-24.wav,sad,Actor_24
../dataset\Actor_24\03-01-05-01-01-01-24.wav,angry,Actor_24
../dataset\Actor_24\03-01-05-01-01-02-24.wav,angry,Actor_24
../dataset\Actor_24\03-01-05-01-02-01-24.wav,angry,Actor_24
../dataset\Actor_24\03-01-05-01-02-02-24.wav,angry,Actor_24
../dataset\Actor_24\03-01-05-02-01-01-24.wav,angry,Actor_24
../dataset\Actor_24\03-01-05-02-01-02-24.wav,angry,Actor_24
../dataset\Actor_24\03-01-05-02-02-01-24.wav,angry,Actor_24
../dataset\Actor_24\03-01-05-02-02-02-24.wav,angry,Actor_24
../dataset\Actor_24\03-01-06-01-01-01-24.wav,fearful,Actor_24
../dataset\Actor_24\03-01-06-01-01-02-24.wav,fearful,Actor_24
../dataset\Actor_24\03-01-06-01-02-01-24.wav,fearful,Actor_24
../dataset\Actor_24\03-01-06-01-02-02-24.wav,fearful,Actor_24
../dataset\Actor_24\03-01-06-02-01-01-24.wav,fearful,Actor_24
../dataset\Actor_24\03-01-06-02-01-02-24.wav,fearful,Actor_24
../dataset\Actor_24\03-01-06-02-02-01-24.wav,fearful,Actor_24
../dataset\Actor_24\03-01-06-02-02-02-24.wav,fearful,Actor_24
../dataset\Actor_24\03-01-07-01-01-01-24.wav,disgust,Actor_24
../dataset\Actor_24\03-01-07-01-01-02-24.wav,disgust,Actor_24
../dataset\Actor_24\03-01-07-01-02-01-24.wav,disgust,Actor_24
../dataset\Actor_24\03-01-07-01-02-02-24.wav,disgust,Actor_24
../dataset\Actor_24\03-01-07-02-01-01-24.wav,disgust,Actor_24
../dataset\Actor_24\03-01-07-02-01-02-24.wav,disgust,Actor_24
../dataset\Actor_24\03-01-07-02-02-01-24.wav,disgust,Actor_24
../dataset\Actor_24\03-01-07-02-02-02-24.wav,disgust,Actor_24
../dataset\Actor_24\03-01-08-01-01-01-24.wav,surprised,Actor_24
../dataset\Actor_24\03-01-08-01-01-02-24.wav,surprised,Actor_24
../dataset\Actor_24\03-01-08-01-02-01-24.wav,surprised,Actor_24
../dataset\Actor_24\03-01-08-01-02-02-24.wav,surprised,Actor_24
../dataset\Actor_24\03-01-08-02-01-01-24.wav,surprised,Actor_24
../dataset\Actor_24\03-01-08-02-01-02-24.wav,surprised,Actor_24
../dataset\Actor_24\03-01-08-02-02-01-24.wav,surprised,Actor_24
../dataset\Actor_24\03-01-08-02-02-02-24.wav,surprised,Actor_24
